no,body_text,label
0,iya dy haha sabar bgt anak jd we gtau ngomong,0
1,besok kampus ga,0
2,mgkin periksa nama id view jg sep,0
3,data pasien no medrec sdgkn daftar ulang pake no register karna field isi daftar ulang beda tablenya beda,0
4,topup pulsa rp hasil via transfer atm bni kode trx pulsa rp terima kasih indosat ooredoo,0
5,selamat sore dg nama lg nyari kosan bulan kosong sana terima kasih,0
6,senin mah lepas doang brngktnya selasa egi senin berangktnya,0
7,nama note nama dinamic emil kembaliin nama gmana,0
8,wid jgn plg ketemu brgkt jam hehe,0
9,sok bebas gmna bsok hayu jumat oke,0
10,eh kosan nama maksud temen nama september,0
11,kalo ngga besok kampus senin nama kampus,0
12,dikpad kontak,0
13,oh oke lgsg kesana pasti buka jam bebek komar dt,0
14,jg blm berangkt wkwk,0
15,kamis kantor,0
16,maaf buat maaf lisan jaga maaf perilaku maaf salah sadar sadar,0
17,okayyy siang jam an hehe ga mana,0
18,andipublisher com po bni bank mandiri,0
19,ikan tempe,0
20,waalaikumsalamin dpt bantu min,0
21,mah tinggal jual jd marah ntar alesannya duit km diem lgsg haha,0
22,cari ken murah riah kualiatasnya bagus,0
23,ouhhh gitu yaudah ntar besok chat kalo mo ngampus,0
24,selamat guys karna nikah bareng kebaperan naonaridyah,0
25,pandu pla dishare grup fb,0
26,bu pindah berat kabarin bu terima kasih,0
27,alhamdullilah beres group silah silah manfaat group diskusi topik kait skripsi gemastik kerja,0
28,instagram,0
29,udah ditambahin,0
30,haha ayook bully adi ndut ,0
31,waktu luang besok futsal jam sampoerna ngaret,0
32,kumpul makan daging gak resto,0
33,maaf teteh sibuk gpp bayar besok aja pas kirim,0
34,bebas senin stuju aja kebapain program,0
35,da sebenernya makan indomie ge mah ,0
36,mah stasiun lewatin rel nama,0
37,numpang promo yah tau minat liat instagram,0
38,habis pake groupwhere biar ga cecer filenya,0
39,kfc deket enhaii dy,0
40,udh bapa bsk kantor cuman blm dbls lg jamber jd blm jg,0
41,aja tugas quiz ngejar dikit materi location aware app temu sensor,0
42,bis ga ga bantuin beberes ato masak,0
43,makasih semuanyaaa doa yaaa,0
44,eh iyaa gais kado udah kasih yaa nama makasihh maaf salah minggu udah samarinda,0
45,minta proses paket internet non aktif laku tariff dasar internet,0
46,iya selasa bapa rabu berangkat,0
47,okeee telor butuh segimana,0
48,kamis,0
49,turun cegah remedial siap asal,0
50,alhamdulillah puji syukur nikmat allah swt nikmat hidup detik evaluasi sadar khilaf salah,0
51,pin tcash silah pin nikmat layan tcash telkomsel,0
52,rb kamar mandi kamar mandi rb,0
53,harga kisar rb nama ,0
54,gaaais nama kyk nama nih biar rapih,0
55,januari mah ambil minggu aja minggu januari,0
56,gimana nuy hadap beliau,0
57,langgan yth tri care no xv pin menang jf hadiah unit mobil toyota yaris info klik http tri webnode com cocok pin menang,1
58,no rekening bri sri narti no rek,1
59,transfer tipon no nomorponselstring ubah no rekening terima kasih,1
60,resmi indosat no nomorponselstring pilih menang poin plus plus pin menang info klik domainwebsite sms kirim no nomorponselstring,1
61,aneka shop bagi promo type blackberry dakota jt tourch jt onix jt gemini rb mesan nomorponselstring pin bb de domainwebsite,1
62,trima ksh mjd langgan cnf aqua gnkan no nomorponselstring mesan air isi ulang agua asli sed jga gas kg kg tlng sebar sms tmn kost kampus jga jgn henti km terima kas nb tlng save no mesan aqua la butuh mksh gratis,1
63,rekening bri rek nomorponselstring rasto murdoyo,1
64,nagamas elecktronik bb dakota jt bb davis rb bb gemini rbq bb torch jt dll call nomorponselstring sms nomorponselstring pin bb domainwebsite,1
65,promo cuci gudang blackberry samsung apple laptop beli dpt info call nomorponselstring pin bb fb caturgadget ymail com,1
66,terima kasih isi counter war pul cell info layan bayar tagih pln,1
67,krim bni aja ayu suryani no rek klo kirim kabarin,1
68,toko jaya bb discount type blackberry gemini ribu torch jt dakota jta nokia samsung info klik domainwebsite,1
69,kirim pulsa ewu no nomorponselstring mas agus,1
70,selamat menang promo undi pop mie getlucky men dptkan unit mobil nissan juke pin info klik domainwebsite,1
71,selamat no sim card dptkan hadiah unit mobil toyota yaris pin jf info hub nomorponselstring klik domainwebsite awas tipu,1
72,plg yth no men dpt hadiah dr pengundiang pt indosat pin hadiah klik domainwebsite,1
73,yank isi dl pulsa no as nomorponselstring gw gantiin bget nih krn barusan bos gw nelpon gw tgguin yach ,1
74,blackberry online big sal bb rp jt dakota rp jt samsung note ii rp jt iphone gb rp jt laptop camera dll minat invite to bbm pin ff,1
75,modal usaha solusi uang copy ktp kartu kredit npwp no rek pribdi jt dr bank hub lia nomorponselstring nomorponselstring,1
76,ass maaf sy by hj suri kemarin survey rumah harga hub suami sigit tlp nomorponselstring terima kasih,1
77,langgan yth simcard sbg menang mendptkan hadiah mobil toyota all new yaris pin jf gebyar undi care info lenkap klik domainwebsite,1
78,hquarters business residence lokasi emas asia afrika bdg hrg prelaunch profit roi thn bs libur byr th tsm des jan domainwebsite nomorponselstring,1
79,pesan resmi selamat no simcard dptkan hadiah cek rp juta dr tri care pin info kelik domainwebsite,1
80,pt pertamina persero terima karyawan lulus smk kirim lamar cv ijazah photo notip email pertaminareckrutment ymail com,1
81,sdh mnghubungi tdk trsambung sim card hadiah tiga dri pt axis pin klik domainwebsite,1
82,slmt no mndptkn hadiah grand prize uang rp jt dr telkomsel poin no pin jk hub call center nomorponselstring kirim sel,1
83,pesan resmi dri tri care slmt mdpt hadiah unit mobil honda jazz rs no pin menang bl utk info kunjung domainwebsite,1
84,allah moga hp keluarga kasih sayang mu kah rejekinya jauh mara bahaya amin kenan,1
85,slmat no dpt dana bantu rp jt dr pt sidomuncul info hub ir hj muliyadi nomorponselstring laksana pt sidomuncul,1
86,info dana tunai jamin juta bunga syarat milik kartu kredit proses call firli,1
87,selamat daftar member pulsa kode agen pin saldo rp tambah saldo ketik info kirim nomorponselstring,1
88,tawar batas software sms gateway utk iklan sms pilkada sekolah instansi kampus dll harga promo rp hub jasa advertising corp nomorponselstring jam,1
89,tselpoin kejut poin hadiah rp jt resmi nomorponselstring pin bc info hub cs pt telkomsel kirim,1
90,nasabah bri yth cek juta undi bri kode triplle cek info hadiah klik domainwebsite,1
91,nomor papa tolong kirimin pulsa nomor papa nomorponselstring papa kantor polisi telepon papa,1
92,belanja online toko resky discon bb laptop samsung ipad nokia dll mesan order call sms nomorponselstring kunjung web domainwebsite,1
93,pesan resmi pt care berkat isi ulang pulsa no resmi hadiah rp juta care pin menang info klik domainwebsite,1
94,rekening bank bri no rek ir mayani,1
95,sempat agen pulsa all operator mkios harga murah ketik gabung kirim nomorponselstring,1
96,nasabah bank bri yth selamat mndptkan cek tunai rp jt bank rakyat indonesia pin ijh info klik kunjung domainwebsite,1
97,dptkan tiket promo terbang domestic internasional booking online jam info hub nomorponselstring,1
98,plgn yth rian harino opoerator tri tlah hubung sambung jdi informasi lwt sms sblum hadiah jatuh tempo selamat no tri menang undi care no pin menang mg hub kantor tri jakarta nomorponselstring info klik domainwebsite,1
99,lelah byr min payment solusi bantu legal tutup cc kta dscn hub lolyta nomorponselstring nomorponselstring wa legal,1
100,plgn yth tri mnctv umum nomor tgl maret pagi tdk sambung desi hermawati costumer servis tri plaza semanggi lt jl jend sudirman kav jkt pst kirim sms jatuh tempo nomor simcard tri menang undi pesta internet tri hadiah toyota new yaris pin id info resmi klik domainwebsite,1
101,surat putus dri pt tri care no xv pin pen ber hasil men dapat yunit mobil honda jazz rs info kunjung domainwebsite,1
102,surat putus resmi slmt no sim card pilih menang dri pt tronik pin info klik domainwebsite,1
103,yth isti sofiyah hubung bpk drs safi pd kadisdik ntb nomorponselstring perihal seminar gratis dikti bu sri tu diknas,1
104,dapat total hadiah ratus juta rupiah kota berkah klik domainwebsite kota berkah program agustus,1
105,pt bni persero tbk rekening pilih rp jt rejeki bni taplus kode cek silah klik domainwebsite,1
106,setor angsur bayar harap tlp dlu atas sy bpk iwan hp nomorponselstring dri indomobil finance tks,1
107,selamat dptkan hadiah unit mobil honda jazz uang tunai jt rs dr pt tricare pin menang bfg info klik domainwebsite,1
108,ma isi dl pulsa rb nmr nomorponselstring,1
109,pesan resmi care undi tiga uang tunai juta domainwebsite,1
110,slmt no dpt unit mobil all new avanza telkomselpoin pin pmenan info lengkap kunjung domainwebsite,1
111,selamat mendpt hadiah rp juta telkomsel point edisi september hub kntr pusat,1
112,mudah aman bisnis togel bentuk online gabung raih untung domainwebsite satu situs togel online percaya,1
113,selamat mdptkan unit mobil nissan juke dr pt indofood pin tdn info ambil hadiah kunjung website domainwebsite,1
114,pesan resmi selamat no simcard dptkan hadiah cek rp juta dr tri care pin info klik domainwebsite,1
115,slmt no mendpt hadiah rp juta telkomsel poin undi mlm wib rcti info hub nomorponselstring ir serianto kirim,1
116,toko bagus phone promo diskon blackberry dakota rp jt torchrp jt gemini rb info sms pin nomorponselstring domainwebsite,1
117,pesan resmi selamat no simcard dptkam hadiah cek rp juta dr tri care pin info keik domainwebsite,1
118,guntur hubung facebook http fb com lnzh lcm rug balas stop unruk henti terima sms facebook,1
119,angka jitu putar hubung nomorponselstring mbah togel semarang jamin tembus raja shio buka jam,1
120,info pt kios hsil undi berkat isi pulsa selamat no hp nomorponselstring dpt hadiah pin menang ad info klik domainwebsite,1
121,selamat dptkan hadiah cek tunai rp jt indosat pin fg info ambil hadiah kunjung website indosat domainwebsite,1
122,info resmi bpk hormat selamat no menang pesta isi ulang care no pin undi malam pkl sctv info hadiah klik domainwebsite,1
123,yuk ikut akun dakwah ketik spasi akucintaislam kirim nomorponselstring,1
124,dapat tiket pswt hrga promo terbang domestik internasional reservasi tiket mudah praktis hub nomorponselstring domainwebsite,1
125,sempat agen pulsa mkios all operator harga rb rb rb rb ketik daftar kirim nomorponselstring,1
126,wassalamu alaikum wr wb uang kirim no rek bri nova aryaxxx xxx sdh transfer sms aja no trmh kasih no hp kirim sms nomorponselstring,1
127,tolong uang transfer bank xxx xxx xxx transfer sms terima kasih,1
128,solusi praktis pegang kartu kredit nikmat mudah kredit agun jt dgn max pinj limit hub fany abai tdk minat,1
129,bella bingung bang nulis aq nulis serba salah mending ngobrol tlpn aja deh bang no telp aq nomorponselstring xxxx,1
130,surat putus no vii kode undi ad selamat no mendpt hadiah cek tunai rp jt info kunjung domainwebsite,1
131,surat putus dr tri care no xv pin menang cx cek rp juta info klik domainwebsite,1
132,transfer bri aja angga prastia no rek,1
133,surat putus pt tri slamat no nomorponselstring resmi dptkan honda jazz rs kode pin bfg info hub nomorponselstring klik domainwebsite,1
134,nomor rekening bri andika septiana,1
135,pesan resmi dr tri care indonesia selamat no mendpatkn hadiah dgn no pin bl info silah kunjung domainwebsite,1
136,lejit pintar kursus suami isteri aktifasi smangat bljr kuat fungsi otak anak prestasi mningkat telepon ketik ok sms nomorponselstring,1
137,bayar transfer harap hubung atas bpk ardiansah no tlp nomorponselstring ubah bayar,1
138,indosatpoin plus plus selamat simcard xxxx resmi pilih dpt hadiah pin sahkan pt indosat info klik domainwebsite,1
139,promo blackberry bb dakota jt bb torch jt bb davis jt bb orlando jt bb gemini rb minat hub nomorponselstring promo batas,1
140,rekening bank mandiri ali syamsudin rek,1
141,transfer uang rekening bni ismawati rek sms klo sdh kirim,1
142,gratis pulsa rb malam dg isi ulang rb daftar ketik gratis krm reg ckp info ketik info krm,1
143,bayar jatuh tempo silah lapor hub kantor nomorponselstring terima kasih,1
144,promo blackberry bb dakota jt bb torch jt bb davis jt bb onyx jt bb gemini rb minat hub nomorponselstring promo batas,1
145,rekening bank mandiri no rek murtiani,1
146,pesan resmi tri no xv pin menang ytg pilih menang ii hadiah cek tunai jt info lengkap tri klik domainwebsite telepon no nomorponselstring,1
147,arum prasodjo operator tri jkt pst pt pos persero surat pemberitahuan alamat registrasi kartu tri temu kirim sms info selamat nomor menang undi tri siar mnctv tgl agustus menang pin undi lengkap prosedur hadiah jatuh tempo klik http domainwebsite,1
148,hot promo dptkan extra pulsa tsel rb dg beli paket internet my telkomsel app sjk agsts sept cek detail paket tsel me mytsel,2
149,beli paket gampang internetan rp utk chatting puas bbm whatsapp line tuju balas flash spasi kirim utk lanjut tunggu sms konfirmasi sblm pakai info detail tariff tsel me internet,2
150,gb rp ribu spesial pilih aktif ussdphonenumber buru skb,2
151,raih smartphone diskon merchant free internet voice sms promo tahun ri tukar telkomsel poin ags mytelkomsel apps,2
152,use my invite code nxmvf ue and get free ride up to rp redeem it at https domainwebsite invite nxmvf ue,2
153,ayo download axisnet apple play store aktif bronet jam gb hr rp bronet jam gb hr obor gb rp info ld,2
154,freedom combo xl rp rb normal rp rb double kuota gb gb promo gb unlimited nelp sms indosat ooredoo ketik freedom xl,2
155,dapat bonus sms dg kirim sms bonus ratus sms operator pakai indosat ooredoo raih bebas komunikasi,2
156,sempat langka loh dapat gb rp balas sms ketik november bonus laku tl,2
157,isi saldo tcashmu nikmat aneka promo merchants partner tcash cek promo baru tcash tsel me tappromo,2
158,spreading the go jek love download the go jek app at http go jek com app and input this referral code to get rp free credit to your first booking gojekgotmehere,2
159,paket internet ribu dgn kuota gb hr laku jam jaring cepat indosat balas sms ketik sd mei,2
160,hot promo internetan kuota gb hr rp ribu aja beli ussdphonenumber promo juni,2
161,gratis whatsapp hari beli internet hari mb harga rp balas sms dgn ketik jr utk beli,2
162,nikmat ekstra pulsa dgn isi ulang min rb aplikasi mytelkomsel kartu kredit visa download http tsel me promo agst,2
163,murah seru banget main gamesmu pakai pulsa aja beli koin cek http tsel me jajanonline,2
164,tri bagi bonus pulsa pernuh berkah isi pulsa min rb dapet bonus pulsa rb utk nelp nmr tri ayo buru isi pulsa,2
165,hi ayo coba grab mesan taxi cepat aman klik https invite grab co aa,2
166,isi saldo tcashmu jaring atm atm bca laku transfer bank pilih bank tcash kode bank no hp sbg no rekening tuju,2
167,tingkat nilai isi ulang minimal rp ribu paket murah pas ussdphonenumber info,2
168,download rasa seru game game premium pilih ussdphonenumber,2
169,gratis gb blm ganti kartu sim sim tukar skrg gerai indosatooredoo dekat nikmat gratis gb jaring,2
170,kupon program kartu as biber beli internet hadiah cek total kupon maksimal jam skrg ussdphonenumber info lengkap hub,2
171,special promo bonus kuota mb hr isi ulang ayo buru isi pulsa,2
172,nikmat diskon tarif sli negara sd wib sd agustus info lengkap ketik ussdphonenumber domainwebsite iddpromo,2
173,dapat extra kuota gb lte extra nelpon mnt hr dg beli paket flash gb my telkomsel app buru cek tsel me mytsel,2
174,maaf milik bonus kuota dapat bonus kuota gb toko dekat laku jawa timur bal lombok,2
175,hemat langgan paket data minggu rp gampang ketik kuota spasi krm sms,2
176,jumat promo bronet jam gb hr rp bronet gb hr jam gb gb rp aktif paket ussdphonenumber info ld,2
177,ketik maret rp rb bln lgs dptkan gb bonus gb utk internetan telp sms puas nomor,2
178,udah top up coins line utk beli sticker themes beli skrg jg pake pulsa utk koleksi mu cek http tsel me jajanonline,2
179,murah rp rb dptkan gb paket internetan utk hr internetan seru aktif ussdphonenumber promo feb,2
180,tlh tukar poin poin tukar poin menang hadih lg gb menang tukar poin tinggi november,2
181,eks internetan pake volume ultima mb hr hrga rp rb ussdphonenumber tarif lokasi cek tsel me fl,2
182,langgan yth update informasi tarif baru tsel me as hubung rp call,2
183,freedom combo xl rp rb normal rp rb gb music streaming gak pake kuota unlimited nelp sms daftar ussdphonenumber,2
184,beli gratis beli diskon tiket kampung gajah wonderland bandung mei tunjuk sms kpd tugas info domainwebsite kampunggajah,2
185,paket flash mb utk pd tarif non paket laku tgl tsb info hubung ussdphonenumber cek kuota ussdphonenumber,2
186,nomor milik paket netmax dapat paket netmax gb gb hape ussdphonenumber aplikasi bimatri website tri co id,2
187,paket non aktif minta guna internet kena tariff dasar internet sesuai skema tariff kartu hubung ussdphonenumber aktif paket internet info domainwebsite,2
188,paket gb hasil aktif restart hape utk dpt nikmat kuota internetan cek sisa kuota ussdphonenumber,2
189,terima kasih sahabat indosatooredoo kenal batas bonus gratis nelpon menit hub ussdphonenumber ok,2
190,wow promo panjang sd agt tukar hp smartfrenmu andromax lte rb dr rb ayo datang gallery smartfren dekat,2
191,banting harga internetan dgn kuota gb rb rupiah paket laku bulan ketik desember,2
192,isi ulang kuota gb hasil kuota tlh nikmat bonus nelpon tri rp rb cek bonus ussdphonenumber bimatri,2
193,nikmat paket reguler dgn sisa kuota kb dapat agam paket internet hemat tri ussdphonenumber,2
194,lg beli paket flash gb mytelkomsel dpt extra pulsa rp rb utk beli sjk aug sept cek detail paket tsel me mytsel,2
195,senin nonton hemat ribu cema xxi dgn tcash tap dptkan stiker tcash tap grapari dekat info tsel me tappromo,2
196,selamat bonus pulsa rp indosat ooredoo laku poin senyum tambah cek bonus ussdphonenumber,2
197,jalan ibadah haji dg nyaman tnpa prlu ganti kartu lokal nikmat gratis menit hr trima telp dr indosatooredoo internet unlimited rp rb info ussdphonenumber pai,2
198,disc domino pizza value range agustus kunjung store dekat hubung visit http bit ly koz kode vr,2
199,internetan puas aja butuh kuota paket sumo gb jaring beli ussdphonenumber info,2
200,sticker line lucu lucu banget loh beli yuk pulsa gampang banget coba yuk,2
201,trmksh tlh hasil isi pulsa smartfren jual pulsa bayar listrik speedy telkom hub agen barokah mp reload untung,2
202,angpaopoinsenyum dptkan vchr lottemart rb dg tukar poin normal poin sd feb ketik ussdphonenumber batas info domainwebsite angpao,2
203,selamat beli paket combo kenyang internet as cek bonus ussdphonenumber,2
204,diskon utk kacamata lengkap bonus kacamata hitam tunjuk sms jl gatot soebroto amp laku promo ussdphonenumber,2
205,bebas ekspresi diri paket freedom combo indosat ooredoo hub ussdphonenumber domainwebsite freedom,2
206,kocak abis liat aksi pemuda galau iseng gokil kepung polisi super cantik tonton aja comic via hp cmn hr ketik film,2
207,tawar bonus kuota mb hr isi ulang min ayo buru isi pulsa,2
208,kabar bonus riah isi pulsa minimun rp ribu november dapat mb gratis ayo isi pulsa bonus utk rl,2
209,merdeka hot sale kuota gb rp rb rp rb tawar batas cek ussdphonenumber,2
210,bonus kuota mb hr isi ulang min ayo buru isi pulsa,2
211,pakai handphone xl axiata mu internetan pakai xl,2
212,tcash bayar tagih listrik beli token listrik hubung ussdphonenumber pilih menu bayar beli,2
213,dapat disc utk dominos pan pizza roti tebal dgn keju pinggir rp kunjung toko dekat telf klik panpizza co id,2
214,domino pan pizza roti tebal dgn keju pinggir nikmat disc rp kunjung toko dekat telf klik panpizza co id,2
215,nomor untung tes identitas sedia untuk menang pulsa rp rb tes kirim sms info vd,2
216,ambil bonus hari ussdphonenumber bebas pulsa dptkan gratis nelpon internetan promo sesuai hobi,2
217,spesial paket flash volume ultima kuota gb hr kuota harga rp rb ussdphonenumber tarif lokasi cek tsel me fl,2
218,migrasi kartu kartuhalo nomor dapat paket spesial gb rb kunjung grapari tunjuk sms promo batas skb,2
219,ribet bolak cek pulsa cek sisa kuota internetmu download aja aplikasi mycare klik mudah akses https mycare indosatooredoo com,2
220,bronet jam gb hr rp bronetspecial gb hr gb jam gb rp ussdphonenumber aktif paket info ld,2
221,terima kasih tlh isi ulang tgl gratis nelpon menit video tekan ussdphonenumber yes ok,2
222,paket tsel flash tgl panjang dg mb utk harga dpt ubah sesuai lokasi pasti pulsa cukup utk henti langgan ketik flash off info detail tariff tsel me internet,2
223,kuota internet habis isi kuota ussdphonenumber akses aplikasi bimatri gadget info,2
224,ekstra pulsa rb dg beli paket internet bulan mytelkomsel utk beli sjk aug sept cek detail promo tsel me mytsel,2
225,nikmat discount bakmi gm hny dgn tcash tap laku info tsel me tappromo,2
226,internetan kuota harga murah buru cek ussdphonenumber tawar nomor laku juli,2
227,promo beli paket flash gb my telkomsel app dpt extra kuota gb lte extra nelpon mnt hr buru cek tsel me mytsel,2
228,plg yth sisa kuota flash kb download mytelkomsel apps http tsel me tsel utk cek kuota beli paket flash hub ussdphonenumber,2
229,beli paket turbo rb utk beli mytelkomsel app sjk aug sept dpt extra pulsa tsel rp rb loh cek detail paket tsel me mytsel,2
230,promo panjang gratis mifi modem untuk tunjuk sms galeri smartfren isi pulsa rb utk bawa pulang mifi favorit nov dl,2
231,dapat gratis cappuccino hot ice freza transaksi min rp rb excelso cafe semarang yogya solo sd agust tunjuk sms kpd tugas,2
232,puas internetan chatting facebook nonton video gb rp ribu beli paket ussdphonenumber,2
233,jajan gak mana sob jajan online aja suka nge games cek http tsel me jajanonline,2
234,koin tinggal dikit lanjutin gamesmu beli pakai pulsa aja bro cek http tsel me jajanonline,2
235,sensasi seru main game ayo gabung heroes game hit download gratis http bit ly jsxn,2
236,selamat gratis sms smsgift no info cs,2
237,loopers pakettelkomselflash rp utk mb tambah mb gb laku tlh aktif paket otomatis panjang pd aktif langgan paket,2
238,diskon ribu langgan grab bandung laku kode promo urangbandung repot jalan macet susah parkir hayu ngegrab we atuh,2
239,rawit kuota bagus harga ayo isi ulang kartu axis pasti besok promo rabu rawit info ld,2
240,plg yth sisa kuota flash kb download mytelkomsel apps http tsel me tsel utk cek kuota beli paket flash hub ussdphonenumber,2
241,bro beli koin games pakai pulsa yuk mudah banget loh sob cek http tsel me jajanonline,2
242,dapat gratis wendy crispy chicken sandwich minimal beli rp tukar sms wendy dekat sedia batas promo ussdphonenumber,2
243,terima kasih sahabat indosatooredoo download video bonus gratis nelpon menit hubung ussdphonenumber,2
244,paket bronet jam mb hr aktif nikmat mb laku aktif promo axis telp ussdphonenumber info,2
245,download file putus tinggal gatis mifi modem spesial untuk bawa sms galeri sf isi pulsa rb sana jan dl,2
246,promo beli paket flash gb my telkomsel app dpt extra paket gb midnight buru promo batas,2
247,nikmat extra gb lte extra voucher belanja rb dg beli pkt flash gb hr rp rb ussdphonenumber cek tarif tsel me fl skb,2
248,beli gratis donut dunkin donuts borma setiabudhi tukar sms laku sedia promo ussdphonenumber,2
249,rabu blanja blanja com nikmat diskon spesial transaksi tcash laku klik blj co tcashrabu,2
250,hemat grab laku jalan grabcar grabtaxi otomatis diskon jalan nikmat diskon tahap hinga ribu trip ayo coba bukti,2
251,rp nelpon sms unlimited indosat ooredoo internetan puas paket ramadhan unlimited ketik ussdphonenumber,2
252,thank you for your appreciation trust in using telkomsel service for further feedback please advice text sms to free for int charged,2
253,kalah bro games mu bantu tambah koin beli aja pakai pulsa cek http tsel me jajanonline,2
254,warkop dki dapat nsp gratis akses ussdphonenumber dapat promo gratis sesuai hobi,2
255,paket internet bronet jam gb hr aktif otomatis panjang jam info,2
256,yuk flash volume ultima utk update informasi kuota mb hr rp rb ussdphonenumber tarif lokasi cek tsel me fl,2
257,isi ulang rp hasil kode transaksi nomorponselstring cek ussdphonenumber promo rabu rawit jumat langgan axis,2
258,ekstra telpon sms internetan laku ikut surveu singkat aplikasi musik september klik http tsel me mulu,2
259,butuh piknik nih libur gratis hongkong pake pulsa axis hp androidmu transaksi items pokemon go bigo coc dll info ld,2
260,nikmat double internetan jaring data kuat gb gb tlp sms puas dgn pkt freedom combo daftar ussdphonenumber http mycare indosatooredoo com,2
261,ayo dukung lestari alam indonesia indosat ooredoo wwf indonesia dg donasi ussdphonenumber nomor indosat ooredoo,2
262,kalo lg beneran ngumpul lg mewek jamaah,0
263,ampuun jendral wk,0
264,install bawa installernya,0
265,ok data dummy diagnosa pasien punten makasih,0
266,nama pakai flash animasi ga pakai movie maker,0
267,karna qaqa ngomong gituch,0
268,krn pulsa limit cukup dptkan informasi putar kartu tri ussdphonenumber via aplikasi bimatri,0
269,nama lembar kamrin anto tp bab parafrase kalimat jgn copy paste,0
270,jepret karet gelang hihip,0
271,oh oke de isi deposit transfer kmn,0
272,geleh sendiiri lipstik merah wkkw dapet kasih jg,0
273,sungai diil ,0
274,pake bingung,0
275,nggk jd masalh model diload dicontroler aja,0
276,iya nama lab jarkom pas copy sql sigindo tea,0
277,sebenernya nama gada bulan tau kasih izin aja gitu bayar jt,0
278,ayam bakar rica rica brp,0
279,pertable emg lbh rapih lapor sih mad cuman bingung pertable kdgkan dipake didr bbrp table gmn tuh mad,0
280,dian ge waktu yudisium sore ga dibarengin nondik sampe jam yudisium,0
281,assalamu alaikum nama bantu,0
282,abis maghrib yaa,0
283,nama jalan besok aja habis jumat ketemu kanto web service akses,0
284,ga euy bilang adik adik ken pvj nama,0
285,oh pantesan tau gitu lgsg foto pusat aja put,0
286,urang mah kaya dah jumat jam an pa lala bentar,0
287,jg rumah lg ga gara kulkas rusak suka nyetok sayur,0
288,ramen aa gpp jam,0
289,meet upnyaa nih tema tema,0
290,maaf malam konfirmasi remedial nilai remedial,0
291,assalamualaikum akang teteh lupa carrier day jam exhibition fpmipa love hayuu ditungguuu,0
292,besok yuk jam bih jam,0
293,akang teteh tau calon pimpin kemakom periode yuk simak visi misi,0
294,nitip coklat alhuda,0
295,sidang depaaan mel jahaaat pisaaan,0
296,nama hunting kosan bentar gmn ngerjain dmn,0
297,iya ih maksimal waktu bulan wkwkwk pdhl aja mo pindah,0
298,kalo engga aqila gatau engga deh,0
299,pas sma gak tp kuliah org tua udah pulang kampung,0
300,mau mau ama gak gak jodoh segeleh gelehnya nikah kalo jodoh,0
301,agus sept blm jamin kosong,0
302,taqoballahu minna waminkum selamatmenyambutkemenangan,0
303,minggu ken lembang git hari ngubek bandung,0
304,silah tebak umur,0
305,siap dokumen draftnya ambil ruang slide presentasi tuk uji,0
306,gara gara batman pdhl udh ulang,0
307,pas ngomong gtu km diem nuy kikuk gtu diomongin kek gtu,0
308,oke deh jg emang ken ngumpul sih lg,0
309,mandi selesei isya bobo,0
310,brsik cuti bati kantor har rabu,0
311,gais lapor bimbing bimbing lapang,0
312,pesan nama assalamu alaikum wr wb indonesia android kejar bekerjasama depilkom ada latih android level intermediate slot syarat app android ngebuild android studio barang kelas minat nuhun latih sabtu besok april sabtu temu tempat lab praktikum,0
313,maaf keyword masuk salah info hub call center,0
314,min kalo inpo kosan bulan share ,0
315,selisih brp sesuai janji sbelumhya nilai batas cek hadir gak gak habis turun,0
316,nama helmkuuuu,0
317,geng jam brpa respon yah,0
318,info pla assalam ambil mk pla wajib kumpul tgl kamis agustus wibb agenda bekal jelas pla gdg jica lt informasiny harap perhati sebar,0
319,bpk pnjam hp orng tlng bliin bpk pls rb krm nomr brunya bpk nomorponselstring bpk msalh kantor polisi jgn tlp sms nnti bpk tlp,1
320,surat putus pt tri care slamat no resmi raih hadiah toyota yaris pin undi fbg info hub nomorponselstring klik domainwebsite,1
321,slmt no mendpt hadiah rp jt telkomselpoin undi mlm wib rcti info hub nomorponselstring drs srianto kirim,1
322,selamat kpd milik no simcard nomorponselstring uang tunai rp jt pt indosat pin rwd domainwebsite hub nomorponselstring spam,1
323,plgn yth mendpt hadiah unit mobil suzuki ertiga pt hm sampoerna tbk pin info klik domainwebsite,1
324,transfer uang rek mandiri no rek darman klau sdah transfer sms nmor trima kasih,1
325,dr ktr indosat sdh hub nmr tp tdk trsambung jd krm sms bhw no mendpt mobil jaguar pin hi info domainwebsite,1
326,surat putus resmi dr tri care no xv pin menang xv mendpt unit mobil honda jazz rs info klik domainwebsite,1
327,casino online besar domainwebsite minggu main smartphone pc,1
328,isi pulsa untung myvplus dpt pulsa lsg dpt voucher diskon dpt hadiah dpt point yuk klik http bit ly myvplus,1
329,tolong uang kirim rekening aja bri hasan mahmud rek sms aja klau kirim makasih,1
330,isi ulang pulsa rp regular putera sukses ref gratis pulsa sd rb hg hr mlm ktk gratis krm,1
331,tukokno pulsa as ndisek ribu iki nmrku anyar nomorponselstring cepet saiki enten teng bpk msalah kantor polisi sms tlp,1
332,blackberry city jual blackberry discond dakota jt torch jt onyx jt davis jt gemini jt info hub anita nomorponselstring pin bb,1
333,rumah bpk jual sdh survey sy minat sy telpon tdk tembus hrg hub suami sy nomorponselstring dr irawan,1
334,uang transfer rek bank xxx xxx xxx sms no nomorponselstring,1
335,pt indofood tbk resmi menang uang rp jt pop mie no pin xy qd info lengkap klik domainwebsite,1
336,info resmi pt tri simcard resmi dptkan hadiah mobil mazda kode pin mlb info hub nomorponselstring klik domainwebsite,1
337,slmt no resmi dpt hdiah rp jt dri pt mkios pmenang pin info hub risal dermawan nomorponselstring mkios,1
338,butuh angka jitu gaib sgp jamin tembus silah sms nomorponselstring mastertogel,1
339,masalah dgn cc kt stres dgn bunga lunas disc hub aty nomorponselstring wa nomorponselstring legal,1
340,surat putus resmi kios noxv no resmi raih hadiah dri pt kios pin info klik domainwebsite,1
341,slmt no dpt mobil avanza dr kartu as undi td malam metro tv pkl info kunjung almt domainwebsite,1
342,bpr syariah yogya layan biaya usaha syarat copy ktp kk buku nikah dg jamin bpkb sertipikat proses survey cepat hub nomorponselstring,1
343,langgan yth selamat men dpt hadiah dr undi pt indofood popmie pin fh info klik domainwebsite,1
344,sy dr rimbawan dirmawa ipb yth jajang roni aunul kholik nim hbngi skrng prof dr ir yonny koesmaryono ms nomorponselstring hadir seminar kembang karakter mahasiswa dikti tgl april htl nusa bal trims,1
345,isi ulang pulsa rp regular hd com sukses ref gratis pulsa sd rb hg hr mlm ktk gratis krm,1
346,menang togel tembus pasang shio tunggal angka mahar pulsa rb kirim no nomorponselstring xxx putar sgp senin,1
347,nasabah yth rek mndpt cek rp jt kode cek info hub nomorponselstring klik domainwebsite,1
348,yth kpd bpk sy eka novitasari kariyawan care hub tdk sambung dgn hormat sms singkat dr layan selamat no dptkan hadiah unit mobil toyota avanza dgn pin dr undi rejeki care periode utama info kunjung domainwebsite,1
349,selamat men dpt hadiah rp juta telkomselpoin periode maret pin hub kntr pusat nomorponselstring ir wardoyo,1
350,kirim mandiri aja arya rek klo kabarin,1
351,gratis menit nelpon indosat sms indosat mb internet slma jam isi ulang rb isiulang pulsa rb nikmat gratis,1
352,assalamu alaikum reski dr costumer servis tri plaza semanggi lt jl jend sudirman jkt pst sdh hubung waktu undi laku no tdk sambung jd krimkn lwt sms jatuh tempo no menang undi dr tri jenis hadiah unit mobil suzuki ertiga new pin cs silah cek website domainwebsite hub nomorponselstring,1
353,sy rudi jambi bgi tman kalah togel kalah bandar hub mbah ros nomorponselstring jamin tembus sy sdh bukti jt,1
354,big sale discound jt iphone gb jt note jt camera laptop dll pin bb ab call sms nomorponselstring kunjung domainwebsite,1
355,layan vip games rp sms mgg sdh panjang nikmat layan http live vipgames me sid stop ussdphonenumber cs,1
356,nasib bagi bakti rutin ringan beban hidup dpt wallppr http in biz whum stop ussdphonenumber ketik unreg nasib cs nomorponselstring,1
357,daptkn tiket pesawat promo layan domestik and internasional booking online cepat aman hub nomorponselstring nomorponselstring link domainwebsite,1
358,pesan resmi dr tri care indonesia selamat no mendptkn hadiah dgn no pin menang bl imfo silah kunjung domainwebsite,1
359,yth miitra silah cek poin tukar admin format po pin kirim xxxxxxxxxx,1
360,yth bpk langgan tri sumargani dr operator tri plaza semanggi lt jl jend sudirman kav jkt pst kirim sms krn nmr sulit hubung nmr hadiah dr promo undi hadiah suzuki ertiga pin info domainwebsite,1
361,mah esian plz kna no nomorponselstring nu rbu ayena,1
362,solusi pegang kartu kredit nikmat kredit angunan bank asing jt jt hub lukman nomorponselstring,1
363,pesan resmi pt planet card hadiah cek tunai nila rp jt jatuh menang kode pin bg silah cek domainwebsite,1
364,ayah isi pulsa xl rb no nomorponselstring,1
365,big sale sinar blackberry rp jt dakota rp jt tourch rp jt davis rp rb infohub sms nomorponselstring ccfa domainwebsite,1
366,langgan yth mba muliani operator tri hubung sambung informasi sms hadiah jatuh tempo selamat nomor tri menang undi dr pesta isi ulang pulsa pin menang hubung kantor tri jakarta tlp nomorponselstring info klik domainwebsite,1
367,nasabah bri yth norek pilih menang undi bri kode pin ijh info hadiah klik domainwebsite,1
368,plg yth no nomorponselstring dpt hadiah all new avanza dr pt telkomsel pin info klik domainwebsite hub,1
369,selamat menang undi pop mie hadiah unit mobil nissan juke pin info klik situs domainwebsite,1
370,selamat langgan nomorponselstring mendpt hadiah program poin plus plus indosat no pin fg info klik domainwebsite,1
371,plg yth nomor resmi pilih menang hadiah pt tronik no pin info urus hadiah klik domainwebsite,1
372,mega prima tama promo discon blackberry dacota rp onyx rp iphon ipad laptop camera dll info domainwebsite pin bb ea,1
373,selamat terdftr diprog gratis nelp mnt sms keisat internet hg mb dg isiulang rb isiulang pulsa nikmat bonus cekbns ussdphonenumber,1
374,pesan suara nomorponselstring dengar pesan suara silah tekan ussdphonenumber nomorponselstring tekan ok bebas biaya terima kasih,1
375,pt tronik hubung tdk sambung no resmi raih hadiah pin cek hadiah domainwebsite,1
376,plg yth no pilih menang cek rp jt dr pt telkomsel hut telkomsel thn hub call center nomorponselstring,1
377,plg yth selamat nomor care pilih mendptkan hadiah cek tunai rp jt dr program undi care pin ca info klik domainwebsite,1
378,langgan yth kios cell tawar daftar cip kios token pln harga pulsa rp utk gabung ketik info kirim nomorponselstring,1
379,sy ajeng sms pt care indonesia uang tunai rp juta website domainwebsite telpon bambang purwanto nomer rekening tuju bayar administrasi bank bri pt tri lestari websitenya cantum ktp marketing office pt care indonesia,1
380,promo baru toko artha jaya bb dakota jt iphone jt bb onyx jt camera dll call sms nomorponselstring,1
381,sim card dptkan hadiah yunit mobil toyota yaris no pin menang jf info domainwebsite,1
382,sayang belikn aq pulsa nmr nomorponselstring aq telp km aq pake hp tmn skrg yacc,1
383,pt mtronik berkah isi ulang pulsa tronik no dptkan hadiah pin menang info klik domainwebsite,1
384,toko rahmat abadi big sale blackberry iphone ipad samsung laptop dll info hub sms nomorponselstring pin ab bee cek domainwebsite,1
385,uang kirim rek bank bni sdr abdul rahman no rek sms kirim terima kasih,1
386,slmt no men dptkan hadiah dr undi poin plus plus indosat no pin hi info menang silah klik domainwebsite,1
387,gratis internetan hg mb nelpon menit sms indosat dg isiulang rb utk daftar ketik gratis kirim gratis isi ulang,1
388,nasabah bank bri yth no rek mdpt hadiah cek rp jt bri untung beliung britama pin ijh info klik www info,1
389,rumah tanah jual sy ayu sdh survei minat beli mslh hrg mhn hub suami nomorponselstring dr hj sopi,1
390,selamat nomor care pilih mendptkan hadiah honda jazz rs dr program undi care pin rw info klik domainwebsite nama bayu alamsyah,1
391,gratis sms sesame indosat dengna kirim sms juni bonus maks jam info us,1
392,surat putus pt tri simcard resmi dptakan hadiah honda jazz rs pin undi bfg info hub nomorponselstring klik domainwebsite,1
393,butuh dana tunai cepat juta dgn bunga rendah flat bln proses jamin syarat mudah info yani nomorponselstring,1
394,ass sy sugiyono tempo mngenai mobil toyotanya sy brminat cocok tlong hub sodara sy dlu negosiasi harga abdullah hp nomorponselstring,1
395,pesan resmi tri care selamat mndpt hadiah unt mobil honda jazz rs no pin menang bl info kunjung http gebyar care jimdo com,1
396,berkat isi ulang pulsa no pilih sbg menang cek tunai rp jt dri pt kios pin info klik domainwebsite,1
397,no id isi pulsa tronil at hadiah program poin isi ulang tronik info resmi menang klik domainwebsite,1
398,mudah kta pinjam jt bunga gratis asuransi copy ktp kartu kredit slip gaji hub mido,1
399,sayang kalah cepat khawatir ayo coba sesi pasti baca pesan line indonesia info waktu hadiah event sesi,1
400,resmi tri care pin menang jf medptkan unit toyota yaris info klik domainwebsite cs nomorponselstring,1
401,pnjaman mudah tnpa jamin proses cepat syrt ft cpy ktp krtu kredit minat call ari,1
402,rekening mandiri reza prasetya,1
403,pesan resmi pt care indonesia berkat isi ulang no dptkan hadiah kode pin info hadiah klik domainwebsite,1
404,mamah pangmeserkeun heula pulsa as rb kana nomor ieu nomorponselstring tong nelpon nuju riiweh ayeuna,1
405,info resmi selamat pilih sbgi menang semarak undi pt indofood indonesia no pin hi info pin hadiah klik domainwebsite,1
406,pt tri care pin menang dptkan hadiah unit toyota yaris info cek pin klik domainwebsite,1
407,indomarcocell tawar jdi agenpulsa mkios chip oprator harga gabung ketik daftar kirim nomorponselstring lukis ku,1
408,transfer bni aja soraya harum rek klo sdh kbrin nmr,1
409,maaf ingat kontra terus bayar harap bpk chandra no nomorponselstring sys dh kuasa sepenuh maaf sms,1
410,paket data ribu buru cek ussdphonenumber tawar laku juli,2
411,habis baskin robbins value scoop tunjuk sms laku promo ussdphonenumber,2
412,main games mu beli koin pakai pulsa cek http tsel me jajanonline,2
413,spesial utk langgan setia indosat ooredoo bonus aktif menit telp sms isi ulang desember bonus laku,2
414,paket internet spesial internetan minggu dgn kuota gb rp rb ayo ketik kebut kirim sd juli jgn lupa,2
415,tawar spesial obral paket data gb nelpon puas nmr indosat rp rb utk minggu daftar skrg ketik laku rtx,2
416,daftar layan paket malam langgan laku isi ulang voucher kenyang download,2
417,diskon kuota nelpon menit smua operator rp rb normal rp rb dg aktif balas sms dgn ketik tri,2
418,yuk temen belanja google play mudah banget loh pakai pulsa http tsel me jajanonline,2
419,bonus pulsa indosat ooredoo ketik ussdphonenumber call hp april,2
420,main gamesmu beli apps in apps google play store,2
421,terima kasih langgan setia indosatooredoo download video bonus gratis nelpon menit hubung ussdphonenumber,2
422,beli dave single burger gratis small fries minum periode september tukar sms wendy dekat tawar batas promo ussdphonenumber,2
423,pindah jaring cepat tukar kartu gerai indosatooredoo jl jend soedirman purwokerto dptkn bns rp rb utk nelp sms indosatooredoo,2
424,promo beli paket flash gb my telkomsel app dpt extra nelpon mnt hr buru promo batas,2
425,quota gb harga ribu beli paket ussdphonenumber puas internetan,2
426,nikmat diskon tarif indosat negara chn mla hkg sng twn vtm macau laku feb info hub ussdphonenumber ok,2
427,nikmat nelpon sms unlimited indosat ooredoo internetan puas paket ramadhan unlimited ketik ussdphonenumber,2
428,selamat aktif instink utk dpt info tarik telkomsel info henti program ussdphonenumber cs,2
429,pakai xl tdk repot setting internetan yuk aktif paket internet my xl co id,2
430,nikmat nelpon sms unlimited indosat ooredoo internetan puas paket freedom mini ketik ussdphonenumber,2
431,terima setting ponsel ponsel akses internet kirim foto mms tuju balas pesan gratis ketik,2
432,nomor isi nomor sn nomorponselstring,2
433,yuks internetan seru seru dg flash volume ultima kuota gb hr rp rb sesuai zona lokasi hub ussdphonenumber info tarif lokasi tsel me fl,2
434,langgan paket rp utk mb mb tuju balas flash spasi kirim utk lanjut paket panjang aktif tarif sesuai lokasi tunggu sms konfirmasi sblm pakai info zona detail tarif tsel me internet,2
435,buy get tiket trans studio bandung mei juni tunjuk sms tugas lokasi info domainwebsite transstudiobgd,2
436,selamat tambah flash aktif laku,2
437,doyan internetan rb bs internetan slm minggu kuota gb buru ketik oke pnwrn sd nomor,2
438,kartu lte aktif dapat kuota tambah sd gb konten tarik jaring hub ussdphonenumber info lokasi domainwebsite,2
439,yuk internet an ngebut utk akses fb twitter chatting dgn beli paket flash mb hr sesuai zona lokasi rp rb ussdphonenumber cek tarif tsel me fl,2
440,kejar diskon lari beli rawit diskon ayo isi ulang kartu axis pasti besok ikut promo rabu rawit info ld,2
441,ketik flash spasi info kirim utk status paket loopers dptkan info tren anak muda challenge beli paket loop co id follow loop id,2
442,yuk dengerin update hari seleb dr blog suara tlp ussdphonenumber gratis hr rp mgg cs vas,2
443,nasabah yth rekening btpn wow aktif laku transaksi ussdphonenumber pin rahasia info hub,2
444,aktivasi rekening btpn wow ketik ussdphonenumber tekan yes call pin rahasia info lengkap hub,2
445,kini ungkapin pikir sticker line beli pake pulsa tsel https store line me download stickershop,2
446,dear customer kindly values your experience at telkomsel service score between very poor to excellent send sms to free for int charged,2
447,gb rp ribu spesial pilih aktif ussdphonenumber promo sd nov buru aktif,2
448,bukti hemat pakai argo bandung grabcar hayu aja rencang sareng buktikeun nyalira,2
449,grabcar grabtaxi dapat diskon ribu stasiun bandara bandung masuk kode promo grabtravel pakai september hatur nuhun,2
450,beli gratis lychee tea latte flavour yellow truck jl patuha no tukar sms laku laku promo ussdphonenumber,2
451,dapat disc mcdonalds utk bayar dgn tcash tap dptkan stiker tcash tap grapari dekat info tsel me tappromo,2
452,ayo kawal manfaat subsidi bbm kompensasi hak adu ketik bbm spasi isi pesan kirim,2
453,grab nikmat diskon guna masuk kode cobagrabcar ajak teman teman keliling bandung tanp,2
454,selamat voucher zalora rp rb masuk kode voucher tsu transaksi domainwebsite simpati voucher hub ussdphonenumber,2
455,wow diskon utk beli paket flash gb bonus menit rp rb utk hr ussdphonenumber tunggu buru laku,2
456,terima kasih sahabat indosatooredoo rahasia heboh artis artis top bonus gratis nelpon menit tlp ussdphonenumber,2
457,selamat paket sms operator aktif cek kuota ussdphonenumber,2
458,pergi hati aliando hp ambil nsp gratis akses ussdphonenumber dapat promo gratis sesuai hobi,2
459,bonus pulsa rb ayo isi pulsa min rb dapetkan bonus pulsa rb utk nelp nmr tri ayo buru isi pulsa,2
460,urang mang ado sticker rancak group line urang kampuang mang guy beli pake pulsa telkomsel,2
461,bebas pulsa ambil bonus ussdphonenumber gratis dptkan gratis nelpon internetas promo sesuai hobi,2
462,dapat bonus pulsa hg rb isi ulang minggu isi ulang dr rb ktk gratis krm pandu ketik pan krm cek bonus tekan ussdphonenumber,2
463,bonus keren indosat ooredoo ketik ussdphonenumber hp,2
464,hemat langgan paket internet minggu dgn kuota mb rp gampang ketik kuota spasi,2
465,nonton bioskop gratis keluarga cigna tunggu telepon info cigna klik bit ly tentangcigna,2
466,dptkn free member card larissa aesthetic center disc high treatment asuransi jiwa isi ulang pulsa rp rb galeri indosat jateng diy des,2
467,selamat paket bbm gratis aktif paket bbm laku,2
468,paket super murah pcs strip ayam sayap nasi pucuk rp tukar sms cfc yogya subang sedia promo ussdphonenumber,2
469,nikmat extra gb lte extra kuota gb midnight dg beli pkt flash gb hr rp rb ussdphonenumber cek tarif tsel me fl skb,2
470,promo poin spesial tukar tselpoin menit sms mb ussdphonenumber periode promo juli info hub,2
471,double kuota internet plus unlimited telpon sms paket freedom combo indosat ooredoo hub ussdphonenumber domainwebsite freedom,2
472,lupa kirim sms sd juni utk mendptkan gratis sms sesame indosat hr laku periode prog info us,2
473,dapat voucher cipika rp rb utk belanja kuliner gadget fashion dll tkn ussdphonenumber pilih cipika gratis batas info domainwebsite,2
474,internetan gb rb paket laku ketik tawar laku januari,2
475,terima kasih paket data indosat info detail tekan ussdphonenumber,2
476,selamat paket flash mb rp aktif laku tgl pk wib paket panjang aktif paket tarif sesuai lokasi cek status henti langgan ussdphonenumber info detail tarif tsel me internet,2
477,paket data gb bulan ribu buru ketik tawar laku sd jul,2
478,super wow gratis gb ckup dgn isi pulsa minimun rp ribu november laku sempat laku akumulasi loh tl,2
479,flash promo agt ayo datang gallery smartfren dekat diskon rb dg tukar hp smartfrenmu andromax lte utk tukar dg mifi lte,2
480,ayam sayap paha nasi perkedel rp gratis pucuk tukar sms cfc hasan sadikin sedia msh promo ussdphonenumber,2
481,nikmat disc utk dominos pizza premium big party weekend harga rp rb laku dine in take away may kunjung store dekat hubung,2
482,aktif paket bbm gratis laku aktivasi ketik flash spasi lanjut,2
483,selamat gabung tri nikmat kuota gb utk kuota panjang otomatis pulsa nikmat bonus kuota lipat gb panjang kartu otomatis non aktif dlm waktu bln tdk aktivitas,2
484,paket bronet jam gb hr rp aktif temu tawar tarik axis telp ussdphonenumber info,2
485,nikmat double kuota promo gb jaring data kuat unlimited nelp sms jam dgn pkt freedom combo tekan ussdphonenumber indosatooredoo com freedom,2
486,gratis nelpon mana operator beli internet hari mb harga rp balas sms dgn ketik js utk beli,2
487,rp rb bln utk bln hrg normal rp rb utk bln dst nelpon sms puas im plus kuota gb gb ketik sd aug,2
488,hayu dateng mumpung ustad fatih karim beliau islam ustad felix siaw,2
489,nikmat ekstra pulsa dgn isi ulang min rb aplikasi mytelkomsel cash download http tsel me promo agst,2
490,bonus pulsa indosat ooredoo ketik ussdphonenumber call hp mei,2
491,selamat kuota tsel sms cek kuota ussdphonenumber info domainwebsite,2
492,plg yth nilai puas alam layan telkomsel ketik utk bhs indonesia type for english send to free for int charged,2
493,paket bronet gb hr jam aktif nikmat internet gb laku jam aktif promo axis telp ussdphonenumber info,2
494,bonus rp kirim sms bonus,2
495,tambah thr dr mataharimall kode thr utk diskon elektronik kode thr utk diskon lifestyle kode thr utk diskon fashion http mthr ml tselthr,2
496,dptkn sempat raih hadiah utama mobil alphard dg tukar poin senyum dg kupon undi tgl jun ketik undi jmlh poin rp,2
497,selamat hak beli paket pas nelpon sms internetan video nsp pilih paket rp ussdphonenumber laku info,2
498,nikmat indosat super utk internetan ckp rb minggu dpt kuota mb mb bonus mb jam cepat hgg mbps tekan ussdphonenumber syarat laku hub,2
499,nelpon murah rp panggil mal sin thailand hk china usa dgn tekan kode negara no tuju info domainwebsite flatcall,2
500,free doublescoop ice cream disc haagen dasz tcash tap laku info tsel me tappromo,2
501,cepat gift paket extra kuota internet ga ribet isi ulang pulsa download aja aplikasi mycare smuanya mudah install http bit ly mycareply,2
502,iring dgn tarif rp hr panjang rp hr hits armada curi hati tekan ussdphonenumber ok call info,2
503,nikmat combo wendy fried chicken nasi minum rp periode juni tukar sms wendy dekat sedia batas promo ussdphonenumber,2
504,spesial paket internet hemat kuota limpah rp ribu kuota gb aktif ussdphonenumber buru skb,2
505,selamat voucher lazada rp rb masuk kode voucher tst transaksi domainwebsite simpati voucher hub ussdphonenumber,2
506,promo beli paket flash gb my telkomsel app dpt extra kuota gb lte extra nelpon mnt hr buru cek tsel me mytsel,2
507,aktif iring coboy jr hebat tekan ussdphonenumber info hits baru noah engkau aktif iring hp ketik mg noah kirim info berkah iring rp dr yuni shara aktif iring tkn ussdphonenumber ok call raih thr puluhanjt henti unreg,2
508,ayo anak medan beli sticker line pulsa klik http domainwebsite linestore nama stickernya dan medan,2
509,line lets get rich seru koin pulsa mudah banget google play,2
510,rp rb bln utk bln hrg normal rp rb utk bln dst nelpon sms puas im plus kuota gb gb ketik sd juni,2
511,nikmat mudah bayar iur bpjs dgn tcash hubung ussdphonenumber pilih menu bayar app wallet smartphone android iphone,2
512,langgan setia tukar hp smartfrenmu dg andromax lte hny rb nrml rb galeri smartfren,2
513,ribu mb balas sms ketik buru beli sekrang tl,2
514,ayo download axisnet play apple store aktif bronet jam gb hr rp bronet jam gb hr obor gb rp info ld,2
515,penuh batas kebebasa double kuota bonus gb unlimited nelp sms musik streaming gak pakai kuota dg freedom combo daftar ussdphonenumber,2
516,buru download registrasi mycare http bit ly mycareply dapat promo gb paket freedoom harga,2
517,selamat paket aktif cek kuota ussdphonenumber,2
518,rawit harga miring internetan ayo isi ulang kartu axis pasti besok promo rabu rawit info ld,2
519,bonus pulsa rp rb spesial langgan setia indosat ooredo isi ulang rp rb skrg tawar laku jan bonus,2
520,dukung rehabilitasi kembang potensi anak butuh ypac jakarta mari bagi sms donasi etik ussdphonenumber,2
521,bronet special gb gb jam gb hr rp bronet jam gb hr rp ayo aktif paket ussdphonenumber info ld,2
522,terima kasih sahabat indosatooredoo dapat video game seru gratis telp ussdphonenumber,2
523,paket super ngebut gb hr rp rb aktif nikmat mb panjang mar jam info,2
524,bimbing lg nama da,0
525,barang pilih nyesuain budget aja pilih atas,0
526,maaf janji penuh janji,0
527,bebas nama tgl libur pajuin aja kamis sabtu,0
528,besok jam berapaa ih udah skip ,0
529,jd kpnnnih kantor ambil form lg ngasih lapor jd lapor ga lampir,0
530,eh instances deh diload ga bs,0
531,nama lg ngerjain tes ngoding upi net kalo mo pake motor tp motor bgt,0
532,iyaaa makan bumbu dsb biar bawa dr rumah irit hehehe,0
533,da gapapa public dimasukin,0
534,fitutnya lengkap,0
535,food maksud beras kang,0
536,ambil bulan sampe desember kamar dua sodara,0
537,engga udh brgkt td line teteh,0
538,nama msh pake db msh anomali nyesuain ga,0
539,masak dikosan makan orek buat min,0
540,alhamdulillah makasih yaaa udah luang waktu ,0
541,gatau nuy suruh tunggu aja cenah bom diinvite apapa mah,0
542,ntar kirim link,0
543,derr wacana kaka bunda,0
544,oo brp dit,0
545,kumpul pon dy kalo haris kerja sore mo pacar dy,0
546,sok uang kas,0
547,murah nuy drpd angkot rebu ngetem macet gt,0
548,guys gabawa beras yaaa abis dr pasar beli berat bgt bawa beras lebih hehe,0
549,doa aja bsok lancar cepet nyampe jam malem,0
550,guys numpang promosi bis butuh jual macbook air layar inch ram gb ssd gb garansi sisa jual jarang pake harga pm,0
551,nama kosan yah nanya jg lapor ga,0
552,ouhhh trs ngedeteksi dil output,0
553,gatau ngeditnya kek gmn haha,0
554,plg yth paket mb kena tarif non paket aktif paket flash ussdphonenumber,0
555,bal mah kudu atuh duit,0
556,de kagi nyoba ngejar,0
557,seri pg harap teman sebab nilai pg jeblok kemarin batas ruang pake,0
558,tibatiba layar hitam gt diapain jatoh,0
559, ga ad nulis kerudung kirain warna jins,0
560,waalaikumsalam jumat,0
561,hbd nama cepet sidang cepet wisuda yaaa aamiiiin,0
562,ga birthday wkwk,0
563,kalo raditya dika tuh pandang org ttg cinta ubah alami patah hati hebat haha,0
564,temen undang grup,0
565,ooh iya klo controler ku td model,0
566,nanya alur rawat inap lab radiologi obat ga ngolah,0
567,moga allah,0
568,kek liat undang prodi,0
569,selamat guys karna lulus bareng hibur,0
570,nunggu beliau beliau sdg ngobrol dgn client,0
571,sebenernya krna sakit sma nuy kalo udah nemu mah beda,0
572,bandungg,0
573,ijin undur penting mangga japri terima kasih middle eastern woman,0
574,merica jeruk nipis ajaa,0
575,terima kasih konfirmasi order proses,0
576,ragu sm bulet datar pgn ikut debat kusir,0
577,kontrak game prog dwm jadwal gemastik kompetisi besar prodi ilkom if peluang bidang,0
578,iya liat mock up maksud,0
579,internet min alamat dmn,0
580,coba dy kadang cewe mah overthink overreact,0
581,langgan yth simcard sbg menang hadiah mobil toyota all new yaris pin jf gebyar undi care info lenkap klik domainwebsite,1
582,assalamu alaiqum nenek rumah sakit tolong kirim ulsa ribu nomor nomorponselstring telpon rumah sakit ganti uang,1
583,selamat hadiah unit mobil alphard dr telkomsel info hub kunjung website http telkomselundian jimdo com,1
584,slmt no men dptkan hadiah dr undi poin plus plus indosat no pin hi utk info menang silah klik domainwebsite,1
585,ass rumah tanah kemarin sy sdah survei sy mrasa cocok nego harga hubung sms suami haji dermawan nomorponselstring,1
586,pesta tronik langgan setia tronik pilih menang hadiah pin menang aiu info klik domainwebsite,1
587,langgan yth slmt kartu gsm men dpt tabung haji rp jt kopi jahe hut no pin efg info sgr hub nomorponselstring laksana pt sidomuncul,1
588,nasib nutrisi otak slh berfikir positif klo sdh bs jd ilmu dpt wallppr http in biz jxpc stop ussdphonenumber ketik unreg nasib cs nomorponselstring,1
589,pesan resmi dr pt tricare slamat no tpilih mndpt hadiah unit mobil honda jazz pin pmenang lm info klik domainwebsite,1
590,anyonghaseyo ngaku kpopers sejati ayo lengkap koleksi video kpopmu http kpop xl co id skrg harga video murah loh info ussdphonenumber,1
591,yank tlong isi in pulsa rb no nomorponselstring aq tlpn yacc,1
592,yth bpk bni rekening pilih menang hadiah rp jt kode cek info klik domainwebsite,1
593,pesan resmi selamat no simcard dptkan hadiah cek rp juta dr tri care pin info kelik domainwebsite,1
594,tolong belikan mama pulsa rb no as mama nomorponselstring teman mama celaka skrg kluarganya hrus hubung nti mama ganti uang,1
595,pmain togel sring kalah hasil mbah joko bisah mbntu sio angka retuwal minat hub mbah joko nomorponselstring jamin tembus,1
596,nak ayah tolong kirimin ayah uang rb no rek yanti ayah lg kantor polisi ngurus surat tilang mks,1
597,berkat isi ulang pulsa no pilih sbg menang kejut tri men dpt cek tunai jt dr planet care pin cek hadiah domainwebsite,1
598,plgn yth tri mnctv umum nomor pd tgl agustus tdk dpt trsmbung desy hermawati dr pt hutchison tri plaza semanggi lt jl jend sudirman kav jkt pst kirim sms sblum jtuh tempo bhwa no simcard menang undi pesta poin tri hadiah toyota all new yaris pin id klik situs resmi domainwebsite,1
599,dapat tiket murah promo ditravel kmi terbang domestik internasional online booking jam minat hub nomorponselstring,1
600,manfaat creditcard utk apply pinjam jt cashback minat hub bintang tks,1
601,bpk tolong belikan pulsa ribu no baru bpk karna kantor polisi tlp sms bpk tlp,1
602,selamat menang unit mobil freed dr telkomsel edisi thn undi tdi mlm pkl rcti info hub nomorponselstring mulyadi kirim,1
603,pesan resmi dri tri care selamat dptkan hadiah cek tunai rp jt pin undi ad info kunjung domainwebsite,1
604,artha cell diskon brg elektronik bb dakota juta bb onyx jt camera dll hub sms nomorponselstring pin bb bddf domainwebsite,1
605,langgan yth hadiah poin plus plus indosat pin menang info menang klik domainwebsite,1
606,maaf hubung sambung no raih hadiah dr pt mkios pin cek pin domainwebsite,1
607,plg yth simcard mendptkan bonus poin plus plus dr pt indosat pin fg info klik domainwebsite hub,1
608,de inih bapa pake no temen tolong kirimin pulsa no inih penring banget rumah digantiin,1
609,maaf sdah hubung tpi tdak sambung no resmi raih hadiah pt kios pin info hadiah klik domainwebsite,1
610,toko jember promo discon keyboard yahama dakota rp jt onix rp jt gemini rp rb info sms nomorponselstring pin bb domainwebsite,1
611,toko niaga cell disc promo blackberry nokia samsung iphone dll info hub sms nomorponselstring buka website domainwebsite,1
612,maaf hubung sambung selamat no resmi raih hadiah pt care pin info klik domainwebsite,1
613,plenetcell cari agen jual pulsa all operator harga pulsa rb info ketik info kirim nomorponselstring hhb cs nomorponselstring,1
614,simcard menang gebyar isi ulang tri pin laku verifikasi domainwebsite,1
615,kejut poin hadian rp jt resmi milik nomor nomorponselstring pin af info kantor pusat telkomsel,1
616,sy dr hj fatima sdh cocok rumah tanah bpk tlg jgn tawar lg hrg negosiasi suami sy nomorponselstring dr hendra irawan,1
617,mega cell cari agen pulsa cip operator harga rb dll minat ketik info kirim nomorponselstring,1
618,dapat tiket murah promo terbang domestic international booking online info hub nomorponselstring domainwebsite,1
619,maaf hubung tpi tdk tersmbung no resmi raih hadiah dri pt mkios pin cek pin domainwebsite,1
620,manfaat fasilitas pinjam jamin syarat copy ktp kartu kredit proses info hub rasti,1
621,langgan yth rezky operator tri hubung sambung informasi sms hadiah jatuh tempo selamat no tri menang undi dr pesta tahun tri pin menang afr info klik domainwebsite,1
622,pesan resmi dri tri care selamat dptkan hadiah cek tunai rp jt no pin undi ad info kunjung domainwebsite,1
623,kak kirim pulsa rb no baru nomorponselstring,1
624,info pinjam agun jt standart chartered bank syarat copy ktp copy kartu kredit resmi minat hub akbar nomorponselstring trimksh,1
625,pesan resmi kios sim card menang hadiah cek jt promo kios pin hub ir surianto nomorponselstring klik domainwebsite,1
626,selamat no pilih dptkan kejut hadiah care kode menang utk info lenkap kunjung web domainwebsite,1
627,belikan mama pulsa simpati ribu nomor baru mama nomorponselstring kirim cepat hpnya mama pinjam,1
628,surat putus tri care indonesia no xv pin menang hh hadiah unit mobil honda jazz rs info klik http tri webnode com,1
629,maaf angsur bayar bpk yogi hp nomorponselstring sdh kuasa,1
630,surat putus tri care indonesia no xv pin menang ytg hadiah cek tunai rp jt info kunjung domainwebsite,1
631,selamat mndptkan hadiah cektunai rp jt indosat pin fg info ambil hadiah kunjung website indosat domainwebsite,1
632,langgan yth selamat no simcard nomorponselstring resmi menang undi poin plus plus edisi th pin er info klik domainwebsite,1
633,info resmi pt indofood no dftr menang undi pop mie edisi mndptkn unit nissan juke pin info kunjung domainwebsite,1
634,top celluler discound bb dacota rp jt bb onyx rp jt bb gemini rp jt laptop kamera iphone dll info kunjung domainwebsite pin bb,1
635,bpk rekening pilih menang cek jt dri bni info klik domainwebsite kode cek hub nomorponselstring,1
636,gratis internetan mb laku utk dg isi ulang axismu rp ayo isi ulang nikmat bonus info,1
637,td pagi sms pt tri simcard resmi dptkan hadiah honda jazz rs kode pin bfg info hub nomorponselstring klik domainwebsite,1
638,ramadhan selamat menang rp jt pin code info domainwebsite,1
639,nfo resmi nomor nomorponselstring pilih men dpt hadiah pt tri care pin menang hj tl utk info lengkap klik domainwebsite,1
640,info resmi tri care selamat nomor pilih hadiah unit mobil dri tri care pin menang br info domainwebsite,1
641,selamat no simcard resmi dptkan hadiah unit honda jazz tri care pin menang zt km info cek pin klik domainwebsite,1
642,kirim bank bca no rek andrianto djunaedi usaha trms,1
643,pesan resmi kios pesta isi ulang krt pilih men dptkan hadiah cek jt pin hub custumer klik domainwebsite,1
644,pt garsindo cari agen jual pulsa kios all operator transaksi jam dgn harga gabung kirim nomorponselstring,1
645,meganai ruma bpk jual sd surpai sy minat sy tlpn tdk tembus harga hub suami sy nomorponselstring dr irawan,1
646,uang kontra terusin harap bpk suyono nomor hp nomorponselstring shd sya kuasa penuh maaf sms,1
647,info resmi pt tri care pin menang jf simcard resmi hadiah unit toyota yaris no nomorponselstring ,1
648,maaf bu nur tanah tanjung api api cocok harga tolong hubung suami aja sulaiman no hp nomorponselstring acara tks,1
649,tolong uang transfer bank an ardiansyah transfer sms terima kasih,1
650,dapat ticket promo terbang domestik internasional via online mudah aman hub nomorponselstring klick domainwebsite,1
651,slmt no mendptkan hadiah unit mobil honda jazz dr promo tri care dgn pin menang lm lnfo klik domainwebsite,1
652,info resmi selamat no simcard men dptkn uang tunai rp jt dr pt indosat pin tbl vg info hub nomorponselstring klik domainwebsite,1
653,sy rudy dri malaysia brencana investasi uang sy sbagai bekal hidup indo sy butuh org sy percaya uang sy rm jt bsedia sms nomorponselstring,1
654,langgan yth simcard dptkan cek tuanai rp jt pt tricare indonesia pin hdr jn cek pin kunjung domainwebsite,1
655,minta proses keyword reg gita layan pt hypermind,1
656,nissan juke ayo beli popmie skrg kirim kode ussdphonenumber kodeuniq menang hati tipu cs klik http goo gl dm pk,1
657,uang kirim aja rekening bankbni safitri no rekening,1
658,layan fasilitas pinjam dana tunai jamin bpkb mobil cover area daerah indonesia bunga flat no bi cheking proses cepat data lngsng jemput survey bfi finance hub oktra mariadi sihaloho cp nomorponselstring,1
659,dptkan ijazah asli daftar akreditasi cepat kilat instan resmi silah domainwebsite,1
660,pinjam miliard jamin bpkb mobil truck min th bunga syarat mudah proses pt bunas finance tbk cover all wilayah andi nomorponselstring,1
661,yank tolong isi in pulsa no nomorponselstring no baruq skrng,1
662,pesan resmi pt tri care indonesia selamat simcard hadiah nila juta jatuh menang lv kode pin ijh silah cek domainwebsite,1
663,dana tunai kta bunga jt syarat ktp cc dgn bpkb rate cair hub ayu nomorponselstring wa mhn maaf menggangu,1
664,terima kasih isi ulang sunny trx sukses sbsar sn byr plntelkom tnggu datang,1
665,tolong uang kirim aja kesini bank danamon farida hanum no rek sms aja klo udah kirim trims,1
666,brminat cash kredit mtor scond brg istmwa tipe merk sj dsini mnyediakn unit dr thn atas hub nomorponselstring nomorponselstring ms dediktp yk bs,1
667,surat putus tricare indonesia no xv pin menang jf toyota yaris info kunjung domainwebsite,1
668,bpk yth milik no nomorponselstring pin undi resmi dptkan rp jt cs klik care com,1
669,libur gratis lombok ajar foto klik http goo gl fvcnw paket internet rp dpt mb hr hub ussdphonenumber cek status paket ussdphonenumber,1
670,pangmeulikeun heula pulsa bpa anu simpati ribu we ganti ku bpa ieu nomor na nomorponselstring,1
671,toko bursa cuci gudang diskon bb dakota jt toch jt gemini jt laptop info nomorponselstring pin bb fb domainwebsite,1
672,ikut jobfairactive ujiklyakankerjaberstifikat plasatelkommlg feb dptkan platihan intrview rekom ribu ph info domainwebsite nomorponselstring,2
673,cepat ga ribet cek pulsa sisa kuota internetmu yuk download aplikasi mycare akses https mycare indosatooredoo com,2
674,bonus pulsa rb dgn isi ulang rb hny indosat tawar laku april bonus utk indosat ooredoo,2
675,selamat voucher berrybenka rp rb masuk kode voucher tw transaksi domainwebsite simpati voucher hub ussdphonenumber,2
676,eks loh internetan pake volume ultima mb hr hrga rp rb ussdphonenumber tarif lokasi cek tsel me fl,2
677,bonus rp telpon teman menit bonus,2
678,dapat saldo main rp rb bayar rp rb laku senin kamis tukar sms timezone dekat promo ussdphonenumber,2
679,henti langgan paket flash ketik flash spasi tuju tunggu sms konfirmasi nonaktif paket,2
680,seru banget main ball pool pakai pulsa banget loh bro beli koin games cek http tsel me jajanonline,2
681,smartfren gratis mi fi modem tahun ganti gadget bawa pulang mi fi gm mu dg tunjuk sms galeri sf isi pulsa rb sana jan info,2
682,kunjung galeri smartfren skrng andromax jd rb nrml rb tunggu stok batas sd agt info dl,2
683,kfc belok setiabudi pom bensin colok gak sih,0
684,kalo grup jarang baca haha jd suka tinggal kabar berita,0
685,email cantum direct link email kalo file google drive download,0
686,bawa daging dah rebus gapapa mentah tinggal tulang an wkwk,0
687,wisuda jumat,0
688,aa tau kl wajah nama beda pas gaya up,0
689,nama tpi gatau msh fungsi engga udh ga dipake sih,0
690,pake data dummy ntar gampang mh,0
691,mad bingung bkn lapor ,0
692,kelapa ledeng turun ciateul terminal bgt kalapa dayeuh kolot turun kantor bgt,0
693,nomor otp telkomsel,0
694,eh brati makan malem sma bsok pagi,0
695,silah berkas dambil ruang,0
696,wooh nikah udah lulus diiket,0
697,nama graha desila kmr lt aqua kembali,0
698,tp,0
699,yah dikostan temen dil hihi,0
700,dibawain kacamata ga jam,0
701,tunggu aja lobi kalo,0
702,makasih gais doa juang ,0
703,scroll up down olshop nama,0
704,blm dpt ttd nama duluan aja nyusul,0
705,guys bdg studi foto gin gaaak,0
706,nyari data dibutuhin tabel aja,0
707,rumah gais pager garasi karna pager orang tutup rumput liar hehehehe,0
708,masukin aja data pasien,0
709,hehe sep ku jebol pake solder tp jd jelek ,0
710,coba prodi punten liatin jadwal sidang tulis suruh kumpul jam brp gitu gak nuhun,0
711,nama beaok bwrangkat pagi cas atay tranfer,0
712,butuh kosan bulan ditempatin lokasi gang samping gokana setiabudi cewe jam bebas bersih fasilitas kasur lemari kunci pegang harga hub id line titaniadbl,0
713,kumpul aja lab basdat biar bareng,0
714,udah benerin sync backup filenya sync push file,0
715,ok hadir nilai,0
716,nama kosan gaaa numpang dooong,0
717,mah plg rumah ketemu ayah mama,0
718,tp lucu ngebayangin pacar hahahaha,0
719,ngerasa salah ama sebenernya,0
720,siaraan diil,0
721,sync aja github dekstop,0
722,dwm klasifikasi algoritma dasar random forest akurasi model data test data kemarin uas prediksi akurasi mhs akurasi nilai maksimal point akurasi tinggi oleh nama,0
723,kalo daun pepaya mah bungkus daun pake pepaya put,0
724,selamat utk teman wisuda moga berkah ilmu lancar urus depan sukses kt,0
725,iya inget jam dinding rumah awet hadiah nikah ,0
726,asa nyesel gt waktu kuliah asa ga merhatin ga ngerangkul pribadi hmm,0
727,kalo kep ribu mending nih tinggal duduk manis unpad du,0
728,mba harga jt bln fasilitas air hangat kamar mandi tv tv kabel wifi meja tdr lemari,0
729,nama ap nur tokopedi bukalapak lumayan laa complete walopun kw jenis,0
730,mul snack teteh kasih rafael,0
731,ujug dtng bilang bimbing bls wa biar estimasi waktu gitu,0
732,gampang da tampil doang,0
733,bu mastiin ketemu jica bu,0
734,paket sore dadak habis,0
735,mudah an dil besok coba telkom lg doain yah tear,0
736,diagnosa pasien irj ga diagnosa,0
737,lingkung kerja asap kalo gak ngerokok nge vape gitu coba cowok banyak,0
738,kantin fip nama td pus tp bntar lg sholat,0
739,terimakasih daftar langgan tcash,0
740,pt indofood tbk pilih menang hadiah promo popmie pin aiu utk info klik domainwebsite,1
741,selamat nomor care pilih mendptkan hadiah unit mobil toyota yaris pin menang jf info cek domainwebsite,1
742,km bank bri sdh tlp tdk bs jd km sms no pin menang kg dpt hadiah untung bliung britama info klik domainwebsite,1
743,info resmi pt tri care pin menang jf dptkan hadiah unit toyota yaris info cek pin klik domainwebsite,1
744,pesan resmi selamat no simcard dptkan hadiah cek rp juta dr tri care pin nomorponselstring info klik domainwebsite,1
745,slmt simcard nomorponselstring mdpat cek tunai rp jt pin rwd info cs nomorponselstring kunjung domainwebsite,1
746,info resmi pt indofood slmt no dftar pmnang pop mie raih hadiah unit nissan juke dgn pin xb info kunjung domainwebsite,1
747,seminar denpasar bal wakil mahasiswa kewirausahaan biaya transport rp juta nomor serta semnas dikti direktur mahasiswa dikti prof dr joko purwanto si hubung nomorponselstring wahyudin zarkasi no referensi ptx,1
748,selamat mndptkan cek tunai rp jt dr pt bank rakyat indonesia pin ijh info klik domainwebsite hub,1
749,pesan resmi pt care indonesia berkat isi ulang no resmi raih hadiah kode pin jf info hadiahlik domainwebsite,1
750,plg yth no simcard men dptkan unit toyota all new yaris gebyar tricare pin pmnang jf info hub nomorponselstring klik domainwebsite,1
751,maaf promosi pinjam uang tunai syarat copy kartu kredit bunga bln gratis asuransi hub ani lia proses cepat,1
752,bayar transfer harap hubung atas bpk ardiansa no tlp nomorponselstring ubah bayar trima kasih,1
753,hi trims kmu udh gabung layan gita bicara bola dpt info tarik prediksi akurat dr gita info mg rb sms stop unreg gita cs,1
754,pesta tronik langgan setia tronik pilih sbgi menang pin menang info klik domainwebsite,1
755,slmt no dpt mobil avanza dr kartu as undi td malam metro tv pkl wib info klik domainwebsite hub,1
756,ass maaf sy wahyu mobil bpk jual sy cocok nego hrg silah hub saudara sy nomorponselstring dgn jusman safei tp,1
757,indovison promo rbu nikmat bln langgan gratis biaya pasang bonus cema bln hub nomorponselstring nomorponselstring pin bb,1
758,surat putus dri tri care no xv pin menang bfg mdptkan hadiah honda jazz hub info pin klik domainwebsite,1
759,info jk jual rmh tanah mobil produk jasa dll promosi sj dg sms massal hny rp sebar no hp jam hub nomorponselstring jogja,1
760,selamat mendpt hadiah rp juta telkomsel point edisi september hub kntr pusat nomorponselstring ir dwi hartanto,1
761,info resmi pt indofood selamat dpt mobil nissan juke kejut pop mie pin hubung nomorponselstring drs naldisuparman domainwebsite,1
762,nasabah yth rekning tbungn error hrus monitor ulang gunakn kmbli maaf sblum kntor hrap hub pk aryadhi dlu nomorponselstring tks,1
763,pilih cek jt kode triple cek info klik website domainwebsite,1
764,info resmi bpk hormat selamat no menang pesta isi ulang care no pin undi malam pkl sctv info hadiah klik domainwebsite,1
765,gebyar telkomselpoin no trpilih menang pin fg silah verifikasi pin situs resmi domainwebsite,1
766,berkah poin nomor mndpt hadiah pin hi silah verifikasi pin menang situs resmi domainwebsite prize,1
767,togel sgp edisi senin angka jitu jamin tbs stlh tbs krim plsa rb mahar dkrm no nomorponselstring ki karso,1
768,pt tri care selamat simcard hadiah unit toyota avanza pin hj tl info klik domainwebsite,1
769,pt tri no slamat no simcard mraih cek tunai rp jt program isi ulang pulsa pin cx info klik domainwebsite,1
770,promo lebaran paket service motor olie rb harga rp rb genuine oil gop shop info nomorponselstring laku jui aug domainwebsite,1
771,bayar bayar harap telpon sms atas bpk dedy hp nomorponselstring terima kasih,1
772,selamat rpilih ngsung ndptkan hadiah dr pt telkomsel rp jt info hubung pusat nomorponselstring drs mulyadi laksana telkomsel,1
773,uang tunai jt ayo gabung layan video cliponyu keluar jurus gombal mu dahsyat utk host cantik cliponyu ketik clip cs,1
774,smlt ndpt hadiah toyota all new avanza dr telkomselpoin pin menang info lengkap kunjung http gebyartelkomsel juplo com,1
775,ma belikan besok pulsa rbu no baru nomorponselstring,1
776,uang trnsfer bni aja rastina no rek klo sdh trnsfer sms aja no nomorponselstring trmks,1
777,nasabah yth menghub bri prihal tabugan cek rp jt dri bri dgn kode cek info klik domainwebsite,1
778, roxi cell rp rb agen pulsa elektrik operator gsm cdma utk daftar ketik mtronik kirim nomorponselstring,1
779,tolong uang transfer aja bank bni friska ananda sms transfer trimksi see more at http metropolitan com read detail awas modus tipu sms model sthash dkwn eae dpuf,1
780,ass sy randy mobil sdh sy liat kondisi minat hub bapa sy utk bicara hrg net dr darmawan nomorponselstring,1
781,langgan yth simcard sbg menang mendptkan hadiah mobil toyota all new yaris pin jf gebyar undi care info lenkap klik domainwebsite,1
782,tolong uang transfer aja kesini mandiri rahmad adrian no rek sms aja kalo sdh kirim trims,1
783,transfer mandiri aja resti amanda norek,1
784,maaf bu ratna meganai rumah liat bandara silah hubung suami arif iskandar hp nomorponselstring trims,1
785,transfer bank xxx xxx no rek xxx transfer sms no,1
786,slmt no men dpt hadiah dr undi pt telkomsel no pin hadiah sila klik domainwebsite,1
787,rekening bank bni no rek wahyudi alamsyah sms klo kirim,1
788,gebyar poin plus plus indosat edisi priode no pin undi hi resmi raih hadiah utk info domainwebsite,1
789,pesan resmi pt care indonesia slmt no simcard resmi raih hadiah pin info hadiah klik domainwebsite,1
790,maaf iklan tawar pinjam uang tunai jamin kta jt jt dg ktp kartu kredit bunga flat simpan sms ni hub nomorponselstring,1
791,surat putus tri care indonesia no xv pin menang ytg pilih cek jt info kunjung domainwebsite,1
792,cahaya travel tiket murah promo terbang domestic internasional online booking jam hub nomorponselstring kelik domainwebsite,1
793,jual ticket super junior tgl april lady gaga tgl juni harga gold jt tribun jt info hub nomorponselstring lady ticket webs com,1
794,langgan yth dri kantor tri jakarta sdh hubung no tpi tdk sambung informasi sms no trpilih menang hadiah cek rp juta dri undi isi ulanag tri pin undi afr info nomorponselstring klik domainwebsite,1
795,belanja online promo disc bb dakota jt bb onyx jt bb jt dll info sms nomorponselstring pin bb klik domainwebsite,1
796,langgan yth simcard sbg menang mendptkan hadiah mobil toyota all new yaris pin jf program pesta tahun care info lenkap klik domainwebsite,1
797,gt shop disc bb jt bb torch jt bb davis jt minat galaxy jt cp nomorponselstring pin gili sms versi demo http www yusiwa com,1
798,tour travel dptkan tiket pesawat promo domestik internasional mudah aman booking online jam hub telp nomorponselstring websete domainwebsite,1
799,maaf tolong uang transfer bank xxx an xxx no rek xxx transfer sms terima kasih,1
800,surat putus tri care indonesia no xv pin menang ytg hadiah cek tunai rp juta info klik domainwebsite,1
801,putus resmi care selamat no pilih dpt tabung rp jt pin cx info kelik domainwebsite,1
802,waaah keren kang,0
803,ketemu,0
804,pilih hemat jt lulus oct nanggung,0
805,alquran sbgai pedoman org iman,0
806,kalo pacar jg cowonya sayang guys biar ga ngebatin,0
807,aamiin makasih moga cepat lulus,0
808,maaf aktif paket flash nomor daftar,0
809,sinonim,0
810,push aja kuota modem lg hbs,0
811,selamat nama moga tempuh hidup bahagia senang,0
812,warkop deket indomaret gum,0
813,kita cari sibuk jg biar ga mikirin cowo melulu,0
814,gais ngantor tgl bawa form nilai daftar hadir form bimbing sekalulian foto,0
815,sundae min sirup kiwi pake cochochips,0
816,nama jg text dy text essay gt jd nih murid guru si guru ngasih uji hasil uji murid dibandingin guru bener trs outputnya skor hasil uji,0
817,besok siang jam,0
818,segan baa lo ko wqwq gila kurus banget skrg diii,0
819,setting ponsel kirim masuk pin terimakasih,0
820,udah ga bimbing ,0
821,iyaaaa ayyuuuukk biar reuni dg org fir,0
822,nama controller view aja,0
823,maafin guys gak huhuhu,0
824,kuliah sp kuliah praktikum,0
825,ikhlas aja nyumbang mangga ngga mangga gt,0
826,iya malam mahal kek suka jalan,0
827,ko gtu parah bgt jam ngeroko biar dapet inspirasi meren,0
828,atuhlah tinggal nyaah jgn gitulah gais bis ,0
829,pusat situ dy bandung pasir koja cmn bangun lg bangun jd td interview toko toko bangun,0
830,registrasi gagal harap masuk tanggal format ddmmyyyy,0
831,sunday slainya,0
832,blm mad ntr sore td udh ktmu,0
833,setting kirim ponsel ikut tunjuk selesai setting internet kirim fot mms,0
834,aduh ge pusing lamar nyari butuh,0
835,edan edan nama moga keluarga samawa,0
836,gais chat tolong baca paham biar ga ulg ,0
837,gajadi gadiabsen telat lebib dr menit da kaya,0
838,nama maapin buka line,0
839,iya kamera kecuali kamera lia taro situ,0
840,hayu da gais tp kudu disurvey bis something wkwk,0
841,gais kyknya bapa ga bls sms gmn tp bapa bls sms tia blg kantor tia jg blg kantor,0
842,maaf pesan kirim sila coba terimakasih,0
843,jajar kantin kesana deket pengkol pokok kang tulisanya da,0
844,simpul debat cupu ilmu pertanggungjawaban pasca teliti moal pegang sayang ortu kampus ken lulus cepat,0
845,duh gusti ujan gede moga riung gak bocor yah gais,0
846,yaudah data dummy diagnosa pasien,0
847,beli es kelapa besto,0
848,cetak rundown jg dkrm email nama nuhun dtgu prodi cepat menit,0
849,oiya nama ih knapa bsa sayang bgt tabung,0
850,maaf kaprodi yah hehe,0
851,hujan malam ruang tengah kamar kaya gabisa nyalain nunggu kering nyala smg ujannya renti ,0
852,ok kabarin yah no blokir ga paket data smsin aja asmul kbtulan free wife,0
853,ngampus ken titip bawain skl prodi ,0
854,bawa balon sm coklat min nitip,0
855,udah temu beliau pa beliau uji bisanga besok pa,0
856,kalem diantapani uji intan hher,0
857,bsk bawa form nilai berkas,0
858,bsok kmpul euy gmna tpi gin aja vote aja bsok sapa skrg sapa,0
859,bikin model controller mending,0
860,maaf bu pesan bebek ayam,0
861,biar rapih aj mad controllernya msh gabung bikin fungsi,0
862,multiple choice essay weka essay file kumpul,0
863,nama bikin makalah daftar isi gmana,0
864,nama dah selesei blm machine learningnya,0
865,iya singapur make dolar tea gening wkwk,0
866,tdk jam pagi jam umum,0
867,bole duaduanya pen hardcover tp usaha udh ttd,0
868,pagi pagi bjam an jakarta,0
869,guys ganti template,0
870,jemari jabat batin rindu ikhlas maaf pesan jemari silaturahmi maaf lahir batin,0
871,enakaa ajaaa gw antar cowok gw yaa dijmput nama,0
872,subuh jg abis maghrib ahaha,0
873,kalo udah ad progres besok aja jam an kesini,0
874,semangat jg bunga titipin eh bunga makan wid,0
875,gagal urg pindah haluan deh,0
876,oh lurah dll data pasien butuh oge,0
877,ka ga liat kosannya skrg ngerjain uts take home ka,0
878,gaes gaes drakor gaes besok yawww,0
879,pulang jam kecewa,0
880,ngampus jamber gais,0
881,jam brp brpnya bsk kabarin ngumpul sore yaaaa,0
882,kirim disatuin,0
883,poin tgl poin kategori red laku poin des,0
884,oh udh berangkat kaya ga koneksi,0
885,ga aktif si tombol algoritma ga ngerti,0
886,males banget pla asa ga beres wkwk pa rawosi ga masalah,0
887,iya kosong agus sept,0
888,pt gagas pt ixindo pt bima data pratama sma sukarnohatta sma purwakarta smk pgi sma swamedia kang,0
889,bu maaf lupa jumat jumat buka jam bu solat jumat maaf upi,0
890,kasih norek aja belah tau jg hak untk udunan wkwk bilang bts waktu trfr niat,0
891,cape sih tp da susah euy kalo udah pikir gtu,0
892,indeks nilai gabisa diturunin kemaren liat nilai udah turun nilai pake,0
893,ibu bobok nanya ttg daging kalo daging presto,0
894,bip studio foto gitu,0
895,eta mah data dokter urg si pasien aya meren pariksa ku dokter saha,0
896,delete aja ntar nama pull sync ntar masukin nama push,0
897,panggil na localhost sistemrumahsakit gerbang rawatdarurat,0
898,maaf pulsa beli paket flash pilih silah isi ulang pulsa,0
899,opsi nabung nilai kontrak semester nilai masuk semester tsb,0
900,selamat pagi data table butuh email email msk,0
901,uji pa insya allah siang kampus mudah an pa eka,0
902,sih nikah muda tp liat bahagia tp one of million kayak kalo temen ku hmm,0
903,nama dmna mnta tolong ss bisns proses,0
904,mk nama kontrak data mining dgn kode ik dwm penginputan nilai terimakasih,0
905,maaaaaaaaf lupaaa hp nyala dadi pagi pulang kosan maaf pisaaaan,0
906,besok dwm praktikum weka bawa laptop,0
907,nama kelompok sistem ajar bhs jepang ajaa,0
908,yaudah mah eta harddisk laptop maneh keluarin dijadiin harddisk external aja cari temen case entar data copy in maneh ngerjain aja ga laptop,0
909,mah mel kosan dila habis kelompok pegat hujan,0
910,bapak ngomong trs blg lg rame ma sibuk kampus yaa,0
911,rb ga acara bebek komar iti rb tahun,0
912,push updatenya udah template adminlte,0
913,iya put alat masak makan mah usahain,0
914,iya butuh data data rj rd,0
915,wihh nyimper koper dmn motor gigi,0
916,web pake dapet komisi tuh ciprat ga nanya aja hehe da gapapa meren nanya gitu engga ciprat hapapa seengganya web,0
917,kota sd jumat senin tgl pagi aja jam gabung gameprog,0
918,gais brgkt matiin hp,0
919,iya ih ko sedih sih gtau lg bandung,0
920,cepat tolong posisi duduk atur jarak kolom kosong selang seling,0
921,daging kurban mentah udah ga,0
922,oke senin deh kantor sms bapa lapor nyusul aja gt lapor jg lampir revisi uji,0
923,tugas pentaho presentasi pentaho,0
924,nanya masuk suka pagi siang kadang siang sore gimana sananha,0
925,kmpul yu sblum puasa,0
926,nama udh nama transfer maacih nur ,0
927,lebay gt meni gitu ama mama gak blg,0
928,guna penuh pakai pulsa minimum aktif kartu panjang aktif,0
929,baik cari pasang tuh pas kuliah sih tempat,0
930,ikut gaaaa wkwkwkwk,0
931,baik bug karna ganti db bbrp lg nonton td ditelfon ,0
932,btw magicomnya gais gaada gede,0
933,porsi,0
934,selamat ulang tahun moga umur sehat,0
935,besok rapat dinas selasa aja,0
936,selamat siang reservasi bandros orang,0
937,nama ntr kosan yaaaaa,0
938,nama cuman nambah table daftar ulang ird master samain aja pake data pasien sql,0
939,bawa celana jeans tua tp jilbab muda,0
940,poko push bilang aja usahain bis bareng push push pull,0
941,folder sql aya sql rawatdaruat sql tinggal sesuain maneh we coba ente jalanken urg mh teu jalan ngan load view mh error database soalna lieur gabungken database na,0
942,assalamualaikum tau kalo file nilai fb,0
943,pagi tp dua nama doang pake grab nunggu nama siang,0
944,blm cek min bgt gedorin,0
945,yooo oke umumin grup kelas,0
946,sibuk ngapain aja sana,0
947,info gempa mag sr jun wib lok ls bt km tenggara kep tawa sumbar kedlmn km bmkg,0
948,nama pt inti,0
949,pasca skrng,0
950,info teman kumpul data asisten lab matakuliah bukti surat terang ambil andri,0
951,atulah udh ngidam sate maranggi dr puasa naha ka subang teu ngajakan ih,0
952,nama table table pasien irj gnti data pasien lupa,0
953,mal aidzin walfaidin maaf lahir batin akang teteh,0
954,dy wkwk restu jg krna jauh,0
955,tp temen mah ga halang hdr kyknya hihi,0
956,email github,0
957,subang kalo weekend,0
958,engga tau sep ntr kosan cek malam liat,0
959,mba kirim,0
960,kalo nonton hr mahal yah week end,0
961,oh udah yah haha bingung jd gimana udh tinggal chat,0
962,ajakin soekarno hatta aja nama makan eatboss soekarno hatta wkwkw,0
963,pakai internet sdh capai batasfup cepat sesuai eks dgninternetgaul bulan rp http net axisworld co id info,0
964,jemput poskamling cilimus dee,0
965,yaudah gausah babakaran atuh pake kompor aja ribet nyalain arengnya,0
966,wkwk tumben kar kar sampe warna,0
967,guys groupwherenya pake github aja,0
968,ga birthday wkwk,0
969,udh brp bimbing ngomongin aja blm,0
970,jgn lupa malam jgn malam aja ada aja jg,0
971,oke gais tp dsni udh reda hujan dtggu,0
972,besok dtg telat jam ngga jam mulai,0
973,yah ngajakin,0
974,isi saldo grapari indomaret ato tf bca,0
975,yahh urgent wkwk,0
976,tersrrah aja pagi nggak pa,0
977,malem aja jam nanggung banget mw maghrib haha,0
978,emang bayar nama,0
979,pergi kelapa turun pasar bunga wastukencana caringin sadang serang jalan,0
980,tp gak tarik gt sih usaha org it,0
981,struktur data pla skripsi sidang,0
982,load controller construct mad kmren coba ga bs paksa dlm fungsi,0
983,kalo pake daging dah rebus gak dijadiin sate,0
984,gila namakuuu luluuus,0
985,kartu sim hasil ganti terima kasih,0
986,ga gera sma si kaka tp kalo dianterin ga,0
987,gamepro uasnya materi praktek,0
988,sen nasi goreng spesial bungkus graha desilla kmr,0
989,libur malaysia wkwk,0
990,ngeh chatnya maaf maaf,0
991,tp tau teori doang sih da blm ngerasain rumit,0
992,sambl nunggu gimana kalo ngerjain form formnya aja,0
993,okeyyy malem aja bahas aja bawa,0
994,hmm sebenernya cuman eksekusi jquery control sep coba cek jquery dicotroller waktu klik button controller nyetak pdf,0
995,assalamu alaikum wr wb daftar uji pla tahap,0
996,bebas nama tgl libur pajuin aja kamis sabtu,0
997,paspor panjang bayar brp nuy,0
998,selamat sore besok kantor jam brp,0
999,stay pdg aja mah tinggal cuss aja meet up,0
1000,nama titip pesan jumat pagi kumpul trus bapa tolong bareng bujuk nama kuliah,0
1001,bentar lg gik buru ga kalo buru nitip ngontrak ipc aj,0
1002,pesan transfer rp bni account jun periksa email info,0
1003,lantai ruang skripsi,0
1004,kantor siang aja,0
1005,numpang teduh wkwk tuju,0
1006,terimakasih isi ulang dgn sn nila,0
1007,oke nama udah beres bimbing kesana,0
1008,gais bsk kke kantor nyerahin lapor udh dpt ttd paedi hard jilid jgn lupa source lapor cd,0
1009,tau ruang daya fpmipa,0
1010,nitip ga gerlong,0
1011,kang nama tuh menang milyar hahaha kemakom prestasi,0
1012,udah database sindo nggak real time,0
1013,guys motor ngampus gak temenin ambil foto laaah unbearable,0
1014,format beranta odp google sheet sdg rapi besok subuh harap cek,0
1015,gak takut tp emang blm gatau sampe kwkw,0
1016,repot kalo asumsi gitu kadang ganti kelompok biasa dokumen nama klau print periksa offline bingung masuk gak nama satu,0
1017,agendain suka ga wkwkwk,0
1018,akademik perhati tuk jadwal kontrak kuliah ang sebenarny kuliah jadwal kur ang ato atas jadwal jadwal bayang tuk tuju kontrak kuliah atas ga laku tuk mk jalan ang spt skripsi sidang harap perhati,0
1019,silah klo pd besok gpp nyusul aja lapor bapak udh ngehubungin jg,0
1020,sep udh pull tp direpository git ga msk,0
1021,senin udah minggu gaktau ngga,0
1022,route matiin aja akses project tembak aja,0
1023,iya kar lg dikosan nih numpang ap,0
1024,udah beres in tp lampu depan mati kl gasalah,0
1025,semangat gita putri adison esok moga baik aamiin,0
1026,nama udah pus nama yuk kesini tika tugu pus,0
1027,spagetti tp kaldaluarsa yah,0
1028,air asa lancar besok ku papa yah,0
1029,mati services spt antivirus dll,0
1030,optimis ngga yah ,0
1031,assalamualaikum nanya putar mobcom sp kuliah pas sp aja trims,0
1032,selamat tcash tap aktif sn tgl info ussdphonenumber,0
1033,moga cepat sembuh,0
1034,nikah proses put kadang atas kadang bawah gak wkwkwkwk,0
1035,lepas dr laku ambil dr sisi guru tarik bgt,0
1036,si surabaya besok hati kamis kantor gimana,0
1037,nama database view controller js dropdown kota,0
1038,januari pokok sapa mana libur fix aamiin,0
1039,kalo masak bawa bahan dr rumah biar irit wkwk,0
1040,gais kalo dri upi unisba pake angkot pulang pergi,0
1041,ayam menu bu ayam bakar kremes cabe ijo lada hitam asam manis rica rica baberque isi nasi ayam lalap sambal tempe air mineral gelas bu maaf bu paket rb rb tau anggar,0
1042,gaperlu kampus nama tolong kirimin kunci aja make jne cenah ip,0
1043,gak sih percaya aja dosa tanggung hehe nilai mobprog selesai silah cek,0
1044,kolam renang gymnas gik,0
1045,nikah muda gagal nikah pacar eh putus alesannya karna sayang jd gak nyakitin pret jagain jodoh org ah wkwk,0
1046,hmmm tiket batam duit gile,0
1047,aigoo banget chatnyaa liat hape hehehe,0
1048,uji serah dgn jilid sdg nunggu uji sabar tuk sesuai waktupenguji,0
1049,aamiin makasih moga teman cepat nyusul moga urus lancar allah aamiin,0
1050,gitu kang singgung,0
1051,tarik gemastik diskusi http line me ti xxxxx,0
1052,jg waktu foto tgl juli selesai agustus,0
1053,no bri nama,0
1054,bntr lg sholat mel upinet kasih tau males,0
1055,assalamualaikum maaf remedial dwm hadir online maaf,0
1056,kalo sih tabel nama mnyesuaikan butuh,0
1057,ingetin web publish develop tuh web nama jurus ga,0
1058,udah aa aa sih makan mah cewek lupa ih muka dy gak nginget wajah hahaha,0
1059,beu atuh nunggu pulang ppl,0
1060,eh gatau td bagus nanyain,0
1061,jam wid berangkat jam,0
1062,iya file terkahir data pasien,0
1063,kalo satpam bilang aja ketemu,0
1064,gaada temen mah,0
1065,ku ratus nih tabung nama tabung nama cabut manaada,0
1066,angka,0
1067,duduk plg kdg ga tau dblkg hdr engga wkwk,0
1068,maaf lahir batin ipa ,0
1069,tp klo jd mmber mh bsa lbh murah dil,0
1070,maaf bu jam ketemu bu bgmana baik,0
1071,iya ratarata programmer gt hirenya udh pake csps gt gt,0
1072,bapa liat database,0
1073,patah hati level tinggi jd quotes put,0
1074,penuh nama si nama nyari udh penuh,0
1075,belah warteg bahri sebrangnya,0
1076,pake kamera nama kamera nama handy cam prodi,0
1077,koreksi salah bis lupa bagus sih coba coba nggak mubazir dibalikin csv pake transformasi,0
1078,besok kasihin softfilenya gpp,0
1079,bntr pulang,0
1080,pt,0
1081,assalamualaikum dg nama ilkom maaf td ninggalin proposal meja printer terima kasih,0
1082,daging sapi bakar dmna pantai rumah nama,0
1083,kesana kyknya nama,0
1084,cerita aja tp tetep bikin nang,0
1085,jam berangkat aja gmn,0
1086,ngajak wida tuh beliau habis seminar hihip,0
1087,udh gorengin,0
1088,nama nmr ntr ayu sms kl udah dpn kosan yah,0
1089,ngsih bunga ato coklat min,0
1090,ga upi,0
1091,dil april juli okt,0
1092,eh tp jam pas jgn malem hbs mgrib takut plg wk,0
1093,gais tanyain pla ap aja dr pla selesai nilai dr kampus surat ga,0
1094,sore we atuh gi kalo pagi siang weekend,0
1095,besoook,0
1096,gatau bapa keburu jumat poko suruh ngumpul dlu gt,0
1097,gaaais dlm menit aja jd nasabah btpn wkwk,0
1098,plg wisuda lgsg ksana awas telat telat plg,0
1099,oke bentar solat,0
1100,nama kemaren kamera handycam waktu msceis pake kamera aj,0
1101,jd nih murid guru si guru ngasih uji hasil uji murid dibandingin guru bener trs outputnya skor hasil uji,0
1102,nilai remed ambil nilai remed,0
1103,ayam kremes cabai ijo bakar rica rica kasih rb deh pakai box air gelas,0
1104,ruang,0
1105,min lg dmn mo ngambil sertifikat kompas hihu,0
1106,kalo daftar doang prasidang ga,0
1107,alamat kalo gang softball kmna gtu,0
1108,gpp beda beda sep,0
1109,usaha aja tau,0
1110,biasana sih nama sampe jam kampus,0
1111,terimakasih paket mb aktif cek bonus ussdphonenumber katalog poin lengkap tsel me telkomselpoin laku,0
1112,daftar langgan tcash full service tingkat saldo dg isi saldo tcash merchant logo tcash dekat,0
1113,nama gedung manunggal tridaya pucakti pusenkav wkwk,0
1114,palasari skrg abis gik,0
1115,insyaaallah ikhlas mel asa udah bahas grup trs responnya gt,0
1116,mantap ok btw nge cc perihal sponsor jg osnnya moga baik utk kemakom,0
1117,usul anak sospol minat turun deh ajar ttg,0
1118,sepupu ane kuliah,0
1119,ooh report ko bumiputera ngedit nomer post ,0
1120,nama pergi ga kalo engga kosan,0
1121,waktu malas sep hihi jd rapih aja ,0
1122,tau sep periksa controllernya waktu instansiasi new tcpdf lupa,0
1123,ide gabung device hp sumber sensor deteksi longsor gempa kait trend iot internet of thing silah tarik,0
1124,dr ciateul kekalapa lg frown,0
1125,tes toefl balai weekend ga,0
1126,pagi bu nama bebek komar bu pesan besok bu menu pesan bu antar nuhun,0
1127,nama ntar bilang aja kaka pas instal ulang gagal ngeformat error tpi data udah format pas nyoba instal windows muncul error error code rusak harddisk,0
1128,assalamualaikum bu nama mhsi ilkom dpt bimbing skripsi maaf bu minggu kampus ap aj bu terima kasih,0
1129,blm beres sep byk bug,0
1130,punten kontak lulu nuhuun,0
1131,oke dp,0
1132,hub lg kalo udah dkt wktnya,0
1133,dmana aja kang hehe,0
1134,mahasiswa,0
1135,kirim foto selempang waktu makasihhh,0
1136,kalo ngasihinnya habis ashar aja gpp,0
1137,traveloka com your ticket summary xpress xn pdg bdo dzzzz total passenger,0
1138,ayo nama semangat skripsi yaaah biar cpt lulus cpt nikah wkwkwk,0
1139,bu buka jam bu,0
1140,gojek ga driver kaya bawa,0
1141,ayam aja paket isi ap aja,0
1142,besok kantor tunggu jam,0
